timestamp_utc,channel_id,value,unit
2026-01-01T00:00:00.0000000Z,ambient-source.outlet.dryAirMassFlow,0.02,kg/s
2026-01-01T00:00:01.0000000Z,ambient-source.outlet.dryAirMassFlow,0.02,kg/s
2026-01-01T00:00:02.0000000Z,ambient-source.outlet.dryAirMassFlow,0.02,kg/s
2026-01-01T00:00:03.0000000Z,ambient-source.outlet.dryAirMassFlow,0.02,kg/s
2026-01-01T00:00:04.0000000Z,ambient-source.outlet.dryAirMassFlow,0.02,kg/s
2026-01-01T00:00:05.0000000Z,ambient-source.outlet.dryAirMassFlow,0.02,kg/s
2026-01-01T00:00:06.0000000Z,ambient-source.outlet.dryAirMassFlow,0.02,kg/s
2026-01-01T00:00:07.0000000Z,ambient-source.outlet.dryAirMassFlow,0.02,kg/s
2026-01-01T00:00:08.0000000Z,ambient-source.outlet.dryAirMassFlow,0.02,kg/s
2026-01-01T00:00:09.0000000Z,ambient-source.outlet.dryAirMassFlow,0.02,kg/s
2026-01-01T00:00:10.0000000Z,ambient-source.outlet.dryAirMassFlow,0.02,kg/s
2026-01-01T00:00:11.0000000Z,ambient-source.outlet.dryAirMassFlow,0.02,kg/s
2026-01-01T00:00:12.0000000Z,ambient-source.outlet.dryAirMassFlow,0.02,kg/s
2026-01-01T00:00:13.0000000Z,ambient-source.outlet.dryAirMassFlow,0.02,kg/s
2026-01-01T00:00:14.0000000Z,ambient-source.outlet.dryAirMassFlow,0.02,kg/s
2026-01-01T00:00:15.0000000Z,ambient-source.outlet.dryAirMassFlow,0.02,kg/s
2026-01-01T00:00:16.0000000Z,ambient-source.outlet.dryAirMassFlow,0.02,kg/s
2026-01-01T00:00:17.0000000Z,ambient-source.outlet.dryAirMassFlow,0.02,kg/s
2026-01-01T00:00:18.0000000Z,ambient-source.outlet.dryAirMassFlow,0.02,kg/s
2026-01-01T00:00:19.0000000Z,ambient-source.outlet.dryAirMassFlow,0.02,kg/s
2026-01-01T00:00:20.0000000Z,ambient-source.outlet.dryAirMassFlow,0.02,kg/s
2026-01-01T00:00:21.0000000Z,ambient-source.outlet.dryAirMassFlow,0.02,kg/s
2026-01-01T00:00:22.0000000Z,ambient-source.outlet.dryAirMassFlow,0.02,kg/s
2026-01-01T00:00:23.0000000Z,ambient-source.outlet.dryAirMassFlow,0.02,kg/s
2026-01-01T00:00:24.0000000Z,ambient-source.outlet.dryAirMassFlow,0.02,kg/s
2026-01-01T00:00:25.0000000Z,ambient-source.outlet.dryAirMassFlow,0.02,kg/s
2026-01-01T00:00:26.0000000Z,ambient-source.outlet.dryAirMassFlow,0.02,kg/s
2026-01-01T00:00:27.0000000Z,ambient-source.outlet.dryAirMassFlow,0.02,kg/s
2026-01-01T00:00:28.0000000Z,ambient-source.outlet.dryAirMassFlow,0.02,kg/s
2026-01-01T00:00:29.0000000Z,ambient-source.outlet.dryAirMassFlow,0.02,kg/s
2026-01-01T00:00:00.0000000Z,ambient-source.outlet.humidityRatio,0.0098788738781568838,kg/kg
2026-01-01T00:00:01.0000000Z,ambient-source.outlet.humidityRatio,0.0098788738781568838,kg/kg
2026-01-01T00:00:02.0000000Z,ambient-source.outlet.humidityRatio,0.0098788738781568838,kg/kg
2026-01-01T00:00:03.0000000Z,ambient-source.outlet.humidityRatio,0.0098788738781568838,kg/kg
2026-01-01T00:00:04.0000000Z,ambient-source.outlet.humidityRatio,0.0098788738781568838,kg/kg
2026-01-01T00:00:05.0000000Z,ambient-source.outlet.humidityRatio,0.0098788738781568838,kg/kg
2026-01-01T00:00:06.0000000Z,ambient-source.outlet.humidityRatio,0.0098788738781568838,kg/kg
2026-01-01T00:00:07.0000000Z,ambient-source.outlet.humidityRatio,0.0098788738781568838,kg/kg
2026-01-01T00:00:08.0000000Z,ambient-source.outlet.humidityRatio,0.0098788738781568838,kg/kg
2026-01-01T00:00:09.0000000Z,ambient-source.outlet.humidityRatio,0.0098788738781568838,kg/kg
2026-01-01T00:00:10.0000000Z,ambient-source.outlet.humidityRatio,0.0098788738781568838,kg/kg
2026-01-01T00:00:11.0000000Z,ambient-source.outlet.humidityRatio,0.0098788738781568838,kg/kg
2026-01-01T00:00:12.0000000Z,ambient-source.outlet.humidityRatio,0.0098788738781568838,kg/kg
2026-01-01T00:00:13.0000000Z,ambient-source.outlet.humidityRatio,0.0098788738781568838,kg/kg
2026-01-01T00:00:14.0000000Z,ambient-source.outlet.humidityRatio,0.0098788738781568838,kg/kg
2026-01-01T00:00:15.0000000Z,ambient-source.outlet.humidityRatio,0.0098788738781568838,kg/kg
2026-01-01T00:00:16.0000000Z,ambient-source.outlet.humidityRatio,0.0098788738781568838,kg/kg
2026-01-01T00:00:17.0000000Z,ambient-source.outlet.humidityRatio,0.0098788738781568838,kg/kg
2026-01-01T00:00:18.0000000Z,ambient-source.outlet.humidityRatio,0.0098788738781568838,kg/kg
2026-01-01T00:00:19.0000000Z,ambient-source.outlet.humidityRatio,0.0098788738781568838,kg/kg
2026-01-01T00:00:20.0000000Z,ambient-source.outlet.humidityRatio,0.0098788738781568838,kg/kg
2026-01-01T00:00:21.0000000Z,ambient-source.outlet.humidityRatio,0.0098788738781568838,kg/kg
2026-01-01T00:00:22.0000000Z,ambient-source.outlet.humidityRatio,0.0098788738781568838,kg/kg
2026-01-01T00:00:23.0000000Z,ambient-source.outlet.humidityRatio,0.0098788738781568838,kg/kg
2026-01-01T00:00:24.0000000Z,ambient-source.outlet.humidityRatio,0.0098788738781568838,kg/kg
2026-01-01T00:00:25.0000000Z,ambient-source.outlet.humidityRatio,0.0098788738781568838,kg/kg
2026-01-01T00:00:26.0000000Z,ambient-source.outlet.humidityRatio,0.0098788738781568838,kg/kg
2026-01-01T00:00:27.0000000Z,ambient-source.outlet.humidityRatio,0.0098788738781568838,kg/kg
2026-01-01T00:00:28.0000000Z,ambient-source.outlet.humidityRatio,0.0098788738781568838,kg/kg
2026-01-01T00:00:29.0000000Z,ambient-source.outlet.humidityRatio,0.0098788738781568838,kg/kg
2026-01-01T00:00:00.0000000Z,ambient-source.outlet.relativeHumidity,0.5,1
2026-01-01T00:00:01.0000000Z,ambient-source.outlet.relativeHumidity,0.5,1
2026-01-01T00:00:02.0000000Z,ambient-source.outlet.relativeHumidity,0.5,1
2026-01-01T00:00:03.0000000Z,ambient-source.outlet.relativeHumidity,0.5,1
2026-01-01T00:00:04.0000000Z,ambient-source.outlet.relativeHumidity,0.5,1
2026-01-01T00:00:05.0000000Z,ambient-source.outlet.relativeHumidity,0.5,1
2026-01-01T00:00:06.0000000Z,ambient-source.outlet.relativeHumidity,0.5,1
2026-01-01T00:00:07.0000000Z,ambient-source.outlet.relativeHumidity,0.5,1
2026-01-01T00:00:08.0000000Z,ambient-source.outlet.relativeHumidity,0.5,1
2026-01-01T00:00:09.0000000Z,ambient-source.outlet.relativeHumidity,0.5,1
2026-01-01T00:00:10.0000000Z,ambient-source.outlet.relativeHumidity,0.5,1
2026-01-01T00:00:11.0000000Z,ambient-source.outlet.relativeHumidity,0.5,1
2026-01-01T00:00:12.0000000Z,ambient-source.outlet.relativeHumidity,0.5,1
2026-01-01T00:00:13.0000000Z,ambient-source.outlet.relativeHumidity,0.5,1
2026-01-01T00:00:14.0000000Z,ambient-source.outlet.relativeHumidity,0.5,1
2026-01-01T00:00:15.0000000Z,ambient-source.outlet.relativeHumidity,0.5,1
2026-01-01T00:00:16.0000000Z,ambient-source.outlet.relativeHumidity,0.5,1
2026-01-01T00:00:17.0000000Z,ambient-source.outlet.relativeHumidity,0.5,1
2026-01-01T00:00:18.0000000Z,ambient-source.outlet.relativeHumidity,0.5,1
2026-01-01T00:00:19.0000000Z,ambient-source.outlet.relativeHumidity,0.5,1
2026-01-01T00:00:20.0000000Z,ambient-source.outlet.relativeHumidity,0.5,1
2026-01-01T00:00:21.0000000Z,ambient-source.outlet.relativeHumidity,0.5,1
2026-01-01T00:00:22.0000000Z,ambient-source.outlet.relativeHumidity,0.5,1
2026-01-01T00:00:23.0000000Z,ambient-source.outlet.relativeHumidity,0.5,1
2026-01-01T00:00:24.0000000Z,ambient-source.outlet.relativeHumidity,0.5,1
2026-01-01T00:00:25.0000000Z,ambient-source.outlet.relativeHumidity,0.5,1
2026-01-01T00:00:26.0000000Z,ambient-source.outlet.relativeHumidity,0.5,1
2026-01-01T00:00:27.0000000Z,ambient-source.outlet.relativeHumidity,0.5,1
2026-01-01T00:00:28.0000000Z,ambient-source.outlet.relativeHumidity,0.5,1
2026-01-01T00:00:29.0000000Z,ambient-source.outlet.relativeHumidity,0.5,1
2026-01-01T00:00:00.0000000Z,ambient-source.outlet.specificEnthalpy,50316.431204604662,J/kg
2026-01-01T00:00:01.0000000Z,ambient-source.outlet.specificEnthalpy,50316.431204604662,J/kg
2026-01-01T00:00:02.0000000Z,ambient-source.outlet.specificEnthalpy,50316.431204604662,J/kg
2026-01-01T00:00:03.0000000Z,ambient-source.outlet.specificEnthalpy,50316.431204604662,J/kg
2026-01-01T00:00:04.0000000Z,ambient-source.outlet.specificEnthalpy,50316.431204604662,J/kg
2026-01-01T00:00:05.0000000Z,ambient-source.outlet.specificEnthalpy,50316.431204604662,J/kg
2026-01-01T00:00:06.0000000Z,ambient-source.outlet.specificEnthalpy,50316.431204604662,J/kg
2026-01-01T00:00:07.0000000Z,ambient-source.outlet.specificEnthalpy,50316.431204604662,J/kg
2026-01-01T00:00:08.0000000Z,ambient-source.outlet.specificEnthalpy,50316.431204604662,J/kg
2026-01-01T00:00:09.0000000Z,ambient-source.outlet.specificEnthalpy,50316.431204604662,J/kg
2026-01-01T00:00:10.0000000Z,ambient-source.outlet.specificEnthalpy,50316.431204604662,J/kg
2026-01-01T00:00:11.0000000Z,ambient-source.outlet.specificEnthalpy,50316.431204604662,J/kg
2026-01-01T00:00:12.0000000Z,ambient-source.outlet.specificEnthalpy,50316.431204604662,J/kg
2026-01-01T00:00:13.0000000Z,ambient-source.outlet.specificEnthalpy,50316.431204604662,J/kg
2026-01-01T00:00:14.0000000Z,ambient-source.outlet.specificEnthalpy,50316.431204604662,J/kg
2026-01-01T00:00:15.0000000Z,ambient-source.outlet.specificEnthalpy,50316.431204604662,J/kg
2026-01-01T00:00:16.0000000Z,ambient-source.outlet.specificEnthalpy,50316.431204604662,J/kg
2026-01-01T00:00:17.0000000Z,ambient-source.outlet.specificEnthalpy,50316.431204604662,J/kg
2026-01-01T00:00:18.0000000Z,ambient-source.outlet.specificEnthalpy,50316.431204604662,J/kg
2026-01-01T00:00:19.0000000Z,ambient-source.outlet.specificEnthalpy,50316.431204604662,J/kg
2026-01-01T00:00:20.0000000Z,ambient-source.outlet.specificEnthalpy,50316.431204604662,J/kg
2026-01-01T00:00:21.0000000Z,ambient-source.outlet.specificEnthalpy,50316.431204604662,J/kg
2026-01-01T00:00:22.0000000Z,ambient-source.outlet.specificEnthalpy,50316.431204604662,J/kg
2026-01-01T00:00:23.0000000Z,ambient-source.outlet.specificEnthalpy,50316.431204604662,J/kg
2026-01-01T00:00:24.0000000Z,ambient-source.outlet.specificEnthalpy,50316.431204604662,J/kg
2026-01-01T00:00:25.0000000Z,ambient-source.outlet.specificEnthalpy,50316.431204604662,J/kg
2026-01-01T00:00:26.0000000Z,ambient-source.outlet.specificEnthalpy,50316.431204604662,J/kg
2026-01-01T00:00:27.0000000Z,ambient-source.outlet.specificEnthalpy,50316.431204604662,J/kg
2026-01-01T00:00:28.0000000Z,ambient-source.outlet.specificEnthalpy,50316.431204604662,J/kg
2026-01-01T00:00:29.0000000Z,ambient-source.outlet.specificEnthalpy,50316.431204604662,J/kg
2026-01-01T00:00:00.0000000Z,ambient-source.outlet.temperature,298.14999999999998,K
2026-01-01T00:00:01.0000000Z,ambient-source.outlet.temperature,298.14999999999998,K
2026-01-01T00:00:02.0000000Z,ambient-source.outlet.temperature,298.14999999999998,K
2026-01-01T00:00:03.0000000Z,ambient-source.outlet.temperature,298.14999999999998,K
2026-01-01T00:00:04.0000000Z,ambient-source.outlet.temperature,298.14999999999998,K
2026-01-01T00:00:05.0000000Z,ambient-source.outlet.temperature,298.14999999999998,K
2026-01-01T00:00:06.0000000Z,ambient-source.outlet.temperature,298.14999999999998,K
2026-01-01T00:00:07.0000000Z,ambient-source.outlet.temperature,298.14999999999998,K
2026-01-01T00:00:08.0000000Z,ambient-source.outlet.temperature,298.14999999999998,K
2026-01-01T00:00:09.0000000Z,ambient-source.outlet.temperature,298.14999999999998,K
2026-01-01T00:00:10.0000000Z,ambient-source.outlet.temperature,298.14999999999998,K
2026-01-01T00:00:11.0000000Z,ambient-source.outlet.temperature,298.14999999999998,K
2026-01-01T00:00:12.0000000Z,ambient-source.outlet.temperature,298.14999999999998,K
2026-01-01T00:00:13.0000000Z,ambient-source.outlet.temperature,298.14999999999998,K
2026-01-01T00:00:14.0000000Z,ambient-source.outlet.temperature,298.14999999999998,K
2026-01-01T00:00:15.0000000Z,ambient-source.outlet.temperature,298.14999999999998,K
2026-01-01T00:00:16.0000000Z,ambient-source.outlet.temperature,298.14999999999998,K
2026-01-01T00:00:17.0000000Z,ambient-source.outlet.temperature,298.14999999999998,K
2026-01-01T00:00:18.0000000Z,ambient-source.outlet.temperature,298.14999999999998,K
2026-01-01T00:00:19.0000000Z,ambient-source.outlet.temperature,298.14999999999998,K
2026-01-01T00:00:20.0000000Z,ambient-source.outlet.temperature,298.14999999999998,K
2026-01-01T00:00:21.0000000Z,ambient-source.outlet.temperature,298.14999999999998,K
2026-01-01T00:00:22.0000000Z,ambient-source.outlet.temperature,298.14999999999998,K
2026-01-01T00:00:23.0000000Z,ambient-source.outlet.temperature,298.14999999999998,K
2026-01-01T00:00:24.0000000Z,ambient-source.outlet.temperature,298.14999999999998,K
2026-01-01T00:00:25.0000000Z,ambient-source.outlet.temperature,298.14999999999998,K
2026-01-01T00:00:26.0000000Z,ambient-source.outlet.temperature,298.14999999999998,K
2026-01-01T00:00:27.0000000Z,ambient-source.outlet.temperature,298.14999999999998,K
2026-01-01T00:00:28.0000000Z,ambient-source.outlet.temperature,298.14999999999998,K
2026-01-01T00:00:29.0000000Z,ambient-source.outlet.temperature,298.14999999999998,K
2026-01-01T00:00:00.0000000Z,balance.dryAir.residual,0,kg
2026-01-01T00:00:01.0000000Z,balance.dryAir.residual,0,kg
2026-01-01T00:00:02.0000000Z,balance.dryAir.residual,0,kg
2026-01-01T00:00:03.0000000Z,balance.dryAir.residual,0,kg
2026-01-01T00:00:04.0000000Z,balance.dryAir.residual,0,kg
2026-01-01T00:00:05.0000000Z,balance.dryAir.residual,0,kg
2026-01-01T00:00:06.0000000Z,balance.dryAir.residual,0,kg
2026-01-01T00:00:07.0000000Z,balance.dryAir.residual,0,kg
2026-01-01T00:00:08.0000000Z,balance.dryAir.residual,0,kg
2026-01-01T00:00:09.0000000Z,balance.dryAir.residual,0,kg
2026-01-01T00:00:10.0000000Z,balance.dryAir.residual,0,kg
2026-01-01T00:00:11.0000000Z,balance.dryAir.residual,0,kg
2026-01-01T00:00:12.0000000Z,balance.dryAir.residual,0,kg
2026-01-01T00:00:13.0000000Z,balance.dryAir.residual,0,kg
2026-01-01T00:00:14.0000000Z,balance.dryAir.residual,0,kg
2026-01-01T00:00:15.0000000Z,balance.dryAir.residual,0,kg
2026-01-01T00:00:16.0000000Z,balance.dryAir.residual,0,kg
2026-01-01T00:00:17.0000000Z,balance.dryAir.residual,0,kg
2026-01-01T00:00:18.0000000Z,balance.dryAir.residual,0,kg
2026-01-01T00:00:19.0000000Z,balance.dryAir.residual,0,kg
2026-01-01T00:00:20.0000000Z,balance.dryAir.residual,0,kg
2026-01-01T00:00:21.0000000Z,balance.dryAir.residual,0,kg
2026-01-01T00:00:22.0000000Z,balance.dryAir.residual,0,kg
2026-01-01T00:00:23.0000000Z,balance.dryAir.residual,0,kg
2026-01-01T00:00:24.0000000Z,balance.dryAir.residual,0,kg
2026-01-01T00:00:25.0000000Z,balance.dryAir.residual,0,kg
2026-01-01T00:00:26.0000000Z,balance.dryAir.residual,0,kg
2026-01-01T00:00:27.0000000Z,balance.dryAir.residual,0,kg
2026-01-01T00:00:28.0000000Z,balance.dryAir.residual,0,kg
2026-01-01T00:00:29.0000000Z,balance.dryAir.residual,0,kg
2026-01-01T00:00:00.0000000Z,balance.electrical.residual,5.5877080740174279E-11,J
2026-01-01T00:00:01.0000000Z,balance.electrical.residual,5.5877080740174279E-11,J
2026-01-01T00:00:02.0000000Z,balance.electrical.residual,5.5877080740174279E-11,J
2026-01-01T00:00:03.0000000Z,balance.electrical.residual,5.5877080740174279E-11,J
2026-01-01T00:00:04.0000000Z,balance.electrical.residual,5.5877080740174279E-11,J
2026-01-01T00:00:05.0000000Z,balance.electrical.residual,5.5877080740174279E-11,J
2026-01-01T00:00:06.0000000Z,balance.electrical.residual,5.5877080740174279E-11,J
2026-01-01T00:00:07.0000000Z,balance.electrical.residual,5.5877080740174279E-11,J
2026-01-01T00:00:08.0000000Z,balance.electrical.residual,5.5877080740174279E-11,J
2026-01-01T00:00:09.0000000Z,balance.electrical.residual,5.5877080740174279E-11,J
2026-01-01T00:00:10.0000000Z,balance.electrical.residual,5.5877080740174279E-11,J
2026-01-01T00:00:11.0000000Z,balance.electrical.residual,5.5877080740174279E-11,J
2026-01-01T00:00:12.0000000Z,balance.electrical.residual,5.5877080740174279E-11,J
2026-01-01T00:00:13.0000000Z,balance.electrical.residual,5.5877080740174279E-11,J
2026-01-01T00:00:14.0000000Z,balance.electrical.residual,5.5877080740174279E-11,J
2026-01-01T00:00:15.0000000Z,balance.electrical.residual,5.5877080740174279E-11,J
2026-01-01T00:00:16.0000000Z,balance.electrical.residual,5.5877080740174279E-11,J
2026-01-01T00:00:17.0000000Z,balance.electrical.residual,5.5877080740174279E-11,J
2026-01-01T00:00:18.0000000Z,balance.electrical.residual,5.5877080740174279E-11,J
2026-01-01T00:00:19.0000000Z,balance.electrical.residual,5.5877080740174279E-11,J
2026-01-01T00:00:20.0000000Z,balance.electrical.residual,5.5877080740174279E-11,J
2026-01-01T00:00:21.0000000Z,balance.electrical.residual,5.5877080740174279E-11,J
2026-01-01T00:00:22.0000000Z,balance.electrical.residual,5.5877080740174279E-11,J
2026-01-01T00:00:23.0000000Z,balance.electrical.residual,5.5877080740174279E-11,J
2026-01-01T00:00:24.0000000Z,balance.electrical.residual,5.5877080740174279E-11,J
2026-01-01T00:00:25.0000000Z,balance.electrical.residual,5.5877080740174279E-11,J
2026-01-01T00:00:26.0000000Z,balance.electrical.residual,5.5877080740174279E-11,J
2026-01-01T00:00:27.0000000Z,balance.electrical.residual,5.5877080740174279E-11,J
2026-01-01T00:00:28.0000000Z,balance.electrical.residual,5.5877080740174279E-11,J
2026-01-01T00:00:29.0000000Z,balance.electrical.residual,5.5877080740174279E-11,J
2026-01-01T00:00:00.0000000Z,balance.energy.residual,-2.8590178771992214E-05,J
2026-01-01T00:00:01.0000000Z,balance.energy.residual,-2.8481391382229049E-05,J
2026-01-01T00:00:02.0000000Z,balance.energy.residual,-2.8373132408887614E-05,J
2026-01-01T00:00:03.0000000Z,balance.energy.residual,-2.8264892534934916E-05,J
2026-01-01T00:00:04.0000000Z,balance.energy.residual,-2.8157624001323711E-05,J
2026-01-01T00:00:05.0000000Z,balance.energy.residual,-2.8050707442162093E-05,J
2026-01-01T00:00:06.0000000Z,balance.energy.residual,-2.7944037356064655E-05,J
2026-01-01T00:00:07.0000000Z,balance.energy.residual,-2.7838488676934503E-05,J
2026-01-01T00:00:08.0000000Z,balance.energy.residual,-2.7732929993362632E-05,J
2026-01-01T00:00:09.0000000Z,balance.energy.residual,-2.7627703275356907E-05,J
2026-01-01T00:00:10.0000000Z,balance.energy.residual,-2.7523410608409904E-05,J
2026-01-01T00:00:11.0000000Z,balance.energy.residual,-2.7419187972554937E-05,J
2026-01-01T00:00:12.0000000Z,balance.energy.residual,-2.7315695660945494E-05,J
2026-01-01T00:00:13.0000000Z,balance.energy.residual,-2.7212651730224025E-05,J
2026-01-01T00:00:14.0000000Z,balance.energy.residual,-2.7110004339192528E-05,J
2026-01-01T00:00:15.0000000Z,balance.energy.residual,-2.7008200049749576E-05,J
2026-01-01T00:00:16.0000000Z,balance.energy.residual,-2.690622477530269E-05,J
2026-01-01T00:00:17.0000000Z,balance.energy.residual,-2.6805447305378038E-05,J
2026-01-01T00:00:18.0000000Z,balance.energy.residual,-2.670465073606465E-05,J
2026-01-01T00:00:19.0000000Z,balance.energy.residual,-2.6604169761412777E-05,J
2026-01-01T00:00:20.0000000Z,balance.energy.residual,-2.6504301786189899E-05,J
2026-01-01T00:00:21.0000000Z,balance.energy.residual,-2.6404804884805344E-05,J
2026-01-01T00:00:22.0000000Z,balance.energy.residual,-2.6306378458684776E-05,J
2026-01-01T00:00:23.0000000Z,balance.energy.residual,-2.620768646011129E-05,J
2026-01-01T00:00:24.0000000Z,balance.energy.residual,-2.6109519239980727E-05,J
2026-01-01T00:00:25.0000000Z,balance.energy.residual,-2.6012150556198321E-05,J
2026-01-01T00:00:26.0000000Z,balance.energy.residual,-2.5914964680850971E-05,J
2026-01-01T00:00:27.0000000Z,balance.energy.residual,-2.5818229914875701E-05,J
2026-01-01T00:00:28.0000000Z,balance.energy.residual,-2.5722103600855917E-05,J
2026-01-01T00:00:29.0000000Z,balance.energy.residual,-2.5626091883168556E-05,J
2026-01-01T00:00:00.0000000Z,balance.water.residual,8.3483567281383841E-18,kg
2026-01-01T00:00:01.0000000Z,balance.water.residual,8.3483567281383841E-18,kg
2026-01-01T00:00:02.0000000Z,balance.water.residual,8.3483567281383841E-18,kg
2026-01-01T00:00:03.0000000Z,balance.water.residual,8.3483567281383841E-18,kg
2026-01-01T00:00:04.0000000Z,balance.water.residual,8.3483567281383841E-18,kg
2026-01-01T00:00:05.0000000Z,balance.water.residual,8.3483567281383841E-18,kg
2026-01-01T00:00:06.0000000Z,balance.water.residual,8.3483567281383841E-18,kg
2026-01-01T00:00:07.0000000Z,balance.water.residual,8.3483567281383841E-18,kg
2026-01-01T00:00:08.0000000Z,balance.water.residual,8.3483567281383841E-18,kg
2026-01-01T00:00:09.0000000Z,balance.water.residual,8.3483567281383841E-18,kg
2026-01-01T00:00:10.0000000Z,balance.water.residual,8.3483567281383841E-18,kg
2026-01-01T00:00:11.0000000Z,balance.water.residual,8.3483567281383841E-18,kg
2026-01-01T00:00:12.0000000Z,balance.water.residual,8.3483567281383841E-18,kg
2026-01-01T00:00:13.0000000Z,balance.water.residual,8.3483567281383841E-18,kg
2026-01-01T00:00:14.0000000Z,balance.water.residual,8.3483567281383841E-18,kg
2026-01-01T00:00:15.0000000Z,balance.water.residual,8.3483567281383841E-18,kg
2026-01-01T00:00:16.0000000Z,balance.water.residual,8.3483567281383841E-18,kg
2026-01-01T00:00:17.0000000Z,balance.water.residual,8.3483567281383841E-18,kg
2026-01-01T00:00:18.0000000Z,balance.water.residual,8.3483567281383841E-18,kg
2026-01-01T00:00:19.0000000Z,balance.water.residual,8.3483567281383841E-18,kg
2026-01-01T00:00:20.0000000Z,balance.water.residual,8.3483567281383841E-18,kg
2026-01-01T00:00:21.0000000Z,balance.water.residual,8.3483567281383841E-18,kg
2026-01-01T00:00:22.0000000Z,balance.water.residual,8.3483567281383841E-18,kg
2026-01-01T00:00:23.0000000Z,balance.water.residual,8.3483567281383841E-18,kg
2026-01-01T00:00:24.0000000Z,balance.water.residual,8.3483567281383841E-18,kg
2026-01-01T00:00:25.0000000Z,balance.water.residual,8.3483567281383841E-18,kg
2026-01-01T00:00:26.0000000Z,balance.water.residual,8.3483567281383841E-18,kg
2026-01-01T00:00:27.0000000Z,balance.water.residual,8.3483567281383841E-18,kg
2026-01-01T00:00:28.0000000Z,balance.water.residual,8.3483567281383841E-18,kg
2026-01-01T00:00:29.0000000Z,balance.water.residual,8.3483567281383841E-18,kg
2026-01-01T00:00:00.0000000Z,condenser.liquid_out.massFlow,0,kg/s
2026-01-01T00:00:01.0000000Z,condenser.liquid_out.massFlow,0,kg/s
2026-01-01T00:00:02.0000000Z,condenser.liquid_out.massFlow,0,kg/s
2026-01-01T00:00:03.0000000Z,condenser.liquid_out.massFlow,0,kg/s
2026-01-01T00:00:04.0000000Z,condenser.liquid_out.massFlow,0,kg/s
2026-01-01T00:00:05.0000000Z,condenser.liquid_out.massFlow,0,kg/s
2026-01-01T00:00:06.0000000Z,condenser.liquid_out.massFlow,0,kg/s
2026-01-01T00:00:07.0000000Z,condenser.liquid_out.massFlow,0,kg/s
2026-01-01T00:00:08.0000000Z,condenser.liquid_out.massFlow,0,kg/s
2026-01-01T00:00:09.0000000Z,condenser.liquid_out.massFlow,0,kg/s
2026-01-01T00:00:10.0000000Z,condenser.liquid_out.massFlow,0,kg/s
2026-01-01T00:00:11.0000000Z,condenser.liquid_out.massFlow,0,kg/s
2026-01-01T00:00:12.0000000Z,condenser.liquid_out.massFlow,0,kg/s
2026-01-01T00:00:13.0000000Z,condenser.liquid_out.massFlow,0,kg/s
2026-01-01T00:00:14.0000000Z,condenser.liquid_out.massFlow,0,kg/s
2026-01-01T00:00:15.0000000Z,condenser.liquid_out.massFlow,0,kg/s
2026-01-01T00:00:16.0000000Z,condenser.liquid_out.massFlow,0,kg/s
2026-01-01T00:00:17.0000000Z,condenser.liquid_out.massFlow,0,kg/s
2026-01-01T00:00:18.0000000Z,condenser.liquid_out.massFlow,0,kg/s
2026-01-01T00:00:19.0000000Z,condenser.liquid_out.massFlow,0,kg/s
2026-01-01T00:00:20.0000000Z,condenser.liquid_out.massFlow,0,kg/s
2026-01-01T00:00:21.0000000Z,condenser.liquid_out.massFlow,0,kg/s
2026-01-01T00:00:22.0000000Z,condenser.liquid_out.massFlow,0,kg/s
2026-01-01T00:00:23.0000000Z,condenser.liquid_out.massFlow,0,kg/s
2026-01-01T00:00:24.0000000Z,condenser.liquid_out.massFlow,0,kg/s
2026-01-01T00:00:25.0000000Z,condenser.liquid_out.massFlow,0,kg/s
2026-01-01T00:00:26.0000000Z,condenser.liquid_out.massFlow,0,kg/s
2026-01-01T00:00:27.0000000Z,condenser.liquid_out.massFlow,0,kg/s
2026-01-01T00:00:28.0000000Z,condenser.liquid_out.massFlow,0,kg/s
2026-01-01T00:00:29.0000000Z,condenser.liquid_out.massFlow,0,kg/s
2026-01-01T00:00:00.0000000Z,condenser.liquid_out.temperature,278.14999999999998,K
2026-01-01T00:00:01.0000000Z,condenser.liquid_out.temperature,278.14999999999998,K
2026-01-01T00:00:02.0000000Z,condenser.liquid_out.temperature,278.14999999999998,K
2026-01-01T00:00:03.0000000Z,condenser.liquid_out.temperature,278.14999999999998,K
2026-01-01T00:00:04.0000000Z,condenser.liquid_out.temperature,278.14999999999998,K
2026-01-01T00:00:05.0000000Z,condenser.liquid_out.temperature,278.14999999999998,K
2026-01-01T00:00:06.0000000Z,condenser.liquid_out.temperature,278.14999999999998,K
2026-01-01T00:00:07.0000000Z,condenser.liquid_out.temperature,278.14999999999998,K
2026-01-01T00:00:08.0000000Z,condenser.liquid_out.temperature,278.14999999999998,K
2026-01-01T00:00:09.0000000Z,condenser.liquid_out.temperature,278.14999999999998,K
2026-01-01T00:00:10.0000000Z,condenser.liquid_out.temperature,278.14999999999998,K
2026-01-01T00:00:11.0000000Z,condenser.liquid_out.temperature,278.14999999999998,K
2026-01-01T00:00:12.0000000Z,condenser.liquid_out.temperature,278.14999999999998,K
2026-01-01T00:00:13.0000000Z,condenser.liquid_out.temperature,278.14999999999998,K
2026-01-01T00:00:14.0000000Z,condenser.liquid_out.temperature,278.14999999999998,K
2026-01-01T00:00:15.0000000Z,condenser.liquid_out.temperature,278.14999999999998,K
2026-01-01T00:00:16.0000000Z,condenser.liquid_out.temperature,278.14999999999998,K
2026-01-01T00:00:17.0000000Z,condenser.liquid_out.temperature,278.14999999999998,K
2026-01-01T00:00:18.0000000Z,condenser.liquid_out.temperature,278.14999999999998,K
2026-01-01T00:00:19.0000000Z,condenser.liquid_out.temperature,278.14999999999998,K
2026-01-01T00:00:20.0000000Z,condenser.liquid_out.temperature,278.14999999999998,K
2026-01-01T00:00:21.0000000Z,condenser.liquid_out.temperature,278.14999999999998,K
2026-01-01T00:00:22.0000000Z,condenser.liquid_out.temperature,278.14999999999998,K
2026-01-01T00:00:23.0000000Z,condenser.liquid_out.temperature,278.14999999999998,K
2026-01-01T00:00:24.0000000Z,condenser.liquid_out.temperature,278.14999999999998,K
2026-01-01T00:00:25.0000000Z,condenser.liquid_out.temperature,278.14999999999998,K
2026-01-01T00:00:26.0000000Z,condenser.liquid_out.temperature,278.14999999999998,K
2026-01-01T00:00:27.0000000Z,condenser.liquid_out.temperature,278.14999999999998,K
2026-01-01T00:00:28.0000000Z,condenser.liquid_out.temperature,278.14999999999998,K
2026-01-01T00:00:29.0000000Z,condenser.liquid_out.temperature,278.14999999999998,K
2026-01-01T00:00:00.0000000Z,condenser.outlet.dryAirMassFlow,0.02,kg/s
2026-01-01T00:00:01.0000000Z,condenser.outlet.dryAirMassFlow,0.02,kg/s
2026-01-01T00:00:02.0000000Z,condenser.outlet.dryAirMassFlow,0.02,kg/s
2026-01-01T00:00:03.0000000Z,condenser.outlet.dryAirMassFlow,0.02,kg/s
2026-01-01T00:00:04.0000000Z,condenser.outlet.dryAirMassFlow,0.02,kg/s
2026-01-01T00:00:05.0000000Z,condenser.outlet.dryAirMassFlow,0.02,kg/s
2026-01-01T00:00:06.0000000Z,condenser.outlet.dryAirMassFlow,0.02,kg/s
2026-01-01T00:00:07.0000000Z,condenser.outlet.dryAirMassFlow,0.02,kg/s
2026-01-01T00:00:08.0000000Z,condenser.outlet.dryAirMassFlow,0.02,kg/s
2026-01-01T00:00:09.0000000Z,condenser.outlet.dryAirMassFlow,0.02,kg/s
2026-01-01T00:00:10.0000000Z,condenser.outlet.dryAirMassFlow,0.02,kg/s
2026-01-01T00:00:11.0000000Z,condenser.outlet.dryAirMassFlow,0.02,kg/s
2026-01-01T00:00:12.0000000Z,condenser.outlet.dryAirMassFlow,0.02,kg/s
2026-01-01T00:00:13.0000000Z,condenser.outlet.dryAirMassFlow,0.02,kg/s
2026-01-01T00:00:14.0000000Z,condenser.outlet.dryAirMassFlow,0.02,kg/s
2026-01-01T00:00:15.0000000Z,condenser.outlet.dryAirMassFlow,0.02,kg/s
2026-01-01T00:00:16.0000000Z,condenser.outlet.dryAirMassFlow,0.02,kg/s
2026-01-01T00:00:17.0000000Z,condenser.outlet.dryAirMassFlow,0.02,kg/s
2026-01-01T00:00:18.0000000Z,condenser.outlet.dryAirMassFlow,0.02,kg/s
2026-01-01T00:00:19.0000000Z,condenser.outlet.dryAirMassFlow,0.02,kg/s
2026-01-01T00:00:20.0000000Z,condenser.outlet.dryAirMassFlow,0.02,kg/s
2026-01-01T00:00:21.0000000Z,condenser.outlet.dryAirMassFlow,0.02,kg/s
2026-01-01T00:00:22.0000000Z,condenser.outlet.dryAirMassFlow,0.02,kg/s
2026-01-01T00:00:23.0000000Z,condenser.outlet.dryAirMassFlow,0.02,kg/s
2026-01-01T00:00:24.0000000Z,condenser.outlet.dryAirMassFlow,0.02,kg/s
2026-01-01T00:00:25.0000000Z,condenser.outlet.dryAirMassFlow,0.02,kg/s
2026-01-01T00:00:26.0000000Z,condenser.outlet.dryAirMassFlow,0.02,kg/s
2026-01-01T00:00:27.0000000Z,condenser.outlet.dryAirMassFlow,0.02,kg/s
2026-01-01T00:00:28.0000000Z,condenser.outlet.dryAirMassFlow,0.02,kg/s
2026-01-01T00:00:29.0000000Z,condenser.outlet.dryAirMassFlow,0.02,kg/s
2026-01-01T00:00:00.0000000Z,condenser.outlet.humidityRatio,8.356948970459278E-05,kg/kg
2026-01-01T00:00:01.0000000Z,condenser.outlet.humidityRatio,8.356948970459278E-05,kg/kg
2026-01-01T00:00:02.0000000Z,condenser.outlet.humidityRatio,8.356948970459278E-05,kg/kg
2026-01-01T00:00:03.0000000Z,condenser.outlet.humidityRatio,8.356948970459278E-05,kg/kg
2026-01-01T00:00:04.0000000Z,condenser.outlet.humidityRatio,8.356948970459278E-05,kg/kg
2026-01-01T00:00:05.0000000Z,condenser.outlet.humidityRatio,8.356948970459278E-05,kg/kg
2026-01-01T00:00:06.0000000Z,condenser.outlet.humidityRatio,8.356948970459278E-05,kg/kg
2026-01-01T00:00:07.0000000Z,condenser.outlet.humidityRatio,8.356948970459278E-05,kg/kg
2026-01-01T00:00:08.0000000Z,condenser.outlet.humidityRatio,8.356948970459278E-05,kg/kg
2026-01-01T00:00:09.0000000Z,condenser.outlet.humidityRatio,8.356948970459278E-05,kg/kg
2026-01-01T00:00:10.0000000Z,condenser.outlet.humidityRatio,8.356948970459278E-05,kg/kg
2026-01-01T00:00:11.0000000Z,condenser.outlet.humidityRatio,8.356948970459278E-05,kg/kg
2026-01-01T00:00:12.0000000Z,condenser.outlet.humidityRatio,8.356948970459278E-05,kg/kg
2026-01-01T00:00:13.0000000Z,condenser.outlet.humidityRatio,8.356948970459278E-05,kg/kg
2026-01-01T00:00:14.0000000Z,condenser.outlet.humidityRatio,8.356948970459278E-05,kg/kg
2026-01-01T00:00:15.0000000Z,condenser.outlet.humidityRatio,8.356948970459278E-05,kg/kg
2026-01-01T00:00:16.0000000Z,condenser.outlet.humidityRatio,8.356948970459278E-05,kg/kg
2026-01-01T00:00:17.0000000Z,condenser.outlet.humidityRatio,8.356948970459278E-05,kg/kg
2026-01-01T00:00:18.0000000Z,condenser.outlet.humidityRatio,8.356948970459278E-05,kg/kg
2026-01-01T00:00:19.0000000Z,condenser.outlet.humidityRatio,8.356948970459278E-05,kg/kg
2026-01-01T00:00:20.0000000Z,condenser.outlet.humidityRatio,8.356948970459278E-05,kg/kg
2026-01-01T00:00:21.0000000Z,condenser.outlet.humidityRatio,8.356948970459278E-05,kg/kg
2026-01-01T00:00:22.0000000Z,condenser.outlet.humidityRatio,8.356948970459278E-05,kg/kg
2026-01-01T00:00:23.0000000Z,condenser.outlet.humidityRatio,8.356948970459278E-05,kg/kg
2026-01-01T00:00:24.0000000Z,condenser.outlet.humidityRatio,8.356948970459278E-05,kg/kg
2026-01-01T00:00:25.0000000Z,condenser.outlet.humidityRatio,8.356948970459278E-05,kg/kg
2026-01-01T00:00:26.0000000Z,condenser.outlet.humidityRatio,8.356948970459278E-05,kg/kg
2026-01-01T00:00:27.0000000Z,condenser.outlet.humidityRatio,8.356948970459278E-05,kg/kg
2026-01-01T00:00:28.0000000Z,condenser.outlet.humidityRatio,8.356948970459278E-05,kg/kg
2026-01-01T00:00:29.0000000Z,condenser.outlet.humidityRatio,8.356948970459278E-05,kg/kg
2026-01-01T00:00:00.0000000Z,condenser.outlet.relativeHumidity,0.0078343484602000982,1
2026-01-01T00:00:01.0000000Z,condenser.outlet.relativeHumidity,0.0077102418139374119,1
2026-01-01T00:00:02.0000000Z,condenser.outlet.relativeHumidity,0.0075888030127258099,1
2026-01-01T00:00:03.0000000Z,condenser.outlet.relativeHumidity,0.0074699527737596945,1
2026-01-01T00:00:04.0000000Z,condenser.outlet.relativeHumidity,0.0073536307295104242,1
2026-01-01T00:00:05.0000000Z,condenser.outlet.relativeHumidity,0.0072397710345300306,1
2026-01-01T00:00:06.0000000Z,condenser.outlet.relativeHumidity,0.0071283107056992296,1
2026-01-01T00:00:07.0000000Z,condenser.outlet.relativeHumidity,0.0070191818042434949,1
2026-01-01T00:00:08.0000000Z,condenser.outlet.relativeHumidity,0.0069123314502897038,1
2026-01-01T00:00:09.0000000Z,condenser.outlet.relativeHumidity,0.0068077019593225513,1
2026-01-01T00:00:10.0000000Z,condenser.outlet.relativeHumidity,0.0067052311389878133,1
2026-01-01T00:00:11.0000000Z,condenser.outlet.relativeHumidity,0.0066048718829071961,1
2026-01-01T00:00:12.0000000Z,condenser.outlet.relativeHumidity,0.0065065649583525365,1
2026-01-01T00:00:13.0000000Z,condenser.outlet.relativeHumidity,0.0064102661978783313,1
2026-01-01T00:00:14.0000000Z,condenser.outlet.relativeHumidity,0.0063159158258686305,1
2026-01-01T00:00:15.0000000Z,condenser.outlet.relativeHumidity,0.0062234766894325583,1
2026-01-01T00:00:16.0000000Z,condenser.outlet.relativeHumidity,0.006132892505115113,1
2026-01-01T00:00:17.0000000Z,condenser.outlet.relativeHumidity,0.0060441219843617175,1
2026-01-01T00:00:18.0000000Z,condenser.outlet.relativeHumidity,0.0059571199854624602,1
2026-01-01T00:00:19.0000000Z,condenser.outlet.relativeHumidity,0.0058718450409925797,1
2026-01-01T00:00:20.0000000Z,condenser.outlet.relativeHumidity,0.0057882520319994897,1
2026-01-01T00:00:21.0000000Z,condenser.outlet.relativeHumidity,0.0057062996025458558,1
2026-01-01T00:00:22.0000000Z,condenser.outlet.relativeHumidity,0.0056259536826454674,1
2026-01-01T00:00:23.0000000Z,condenser.outlet.relativeHumidity,0.0055471730475412078,1
2026-01-01T00:00:24.0000000Z,condenser.outlet.relativeHumidity,0.0054699202290886357,1
2026-01-01T00:00:25.0000000Z,condenser.outlet.relativeHumidity,0.0053941579260351107,1
2026-01-01T00:00:26.0000000Z,condenser.outlet.relativeHumidity,0.0053198525350925787,1
2026-01-01T00:00:27.0000000Z,condenser.outlet.relativeHumidity,0.0052469671400121954,1
2026-01-01T00:00:28.0000000Z,condenser.outlet.relativeHumidity,0.0051754719881651418,1
2026-01-01T00:00:29.0000000Z,condenser.outlet.relativeHumidity,0.0051053340344605815,1
2026-01-01T00:00:00.0000000Z,condenser.outlet.specificEnthalpy,15611.525395980467,J/kg
2026-01-01T00:00:01.0000000Z,condenser.outlet.specificEnthalpy,15861.875877584982,J/kg
2026-01-01T00:00:02.0000000Z,condenser.outlet.specificEnthalpy,16111.260307801227,J/kg
2026-01-01T00:00:03.0000000Z,condenser.outlet.specificEnthalpy,16359.703317903084,J/kg
2026-01-01T00:00:04.0000000Z,condenser.outlet.specificEnthalpy,16607.194892836236,J/kg
2026-01-01T00:00:05.0000000Z,condenser.outlet.specificEnthalpy,16853.740354760765,J/kg
2026-01-01T00:00:06.0000000Z,condenser.outlet.specificEnthalpy,17099.343080128008,J/kg
2026-01-01T00:00:07.0000000Z,condenser.outlet.specificEnthalpy,17344.021858013257,J/kg
2026-01-01T00:00:08.0000000Z,condenser.outlet.specificEnthalpy,17587.766034933462,J/kg
2026-01-01T00:00:09.0000000Z,condenser.outlet.specificEnthalpy,17830.579265192468,J/kg
2026-01-01T00:00:10.0000000Z,condenser.outlet.specificEnthalpy,18072.479953738039,J/kg
2026-01-01T00:00:11.0000000Z,condenser.outlet.specificEnthalpy,18313.454933742578,J/kg
2026-01-01T00:00:12.0000000Z,condenser.outlet.specificEnthalpy,18553.523611983241,J/kg
2026-01-01T00:00:13.0000000Z,condenser.outlet.specificEnthalpy,18792.672560358034,J/kg
2026-01-01T00:00:14.0000000Z,condenser.outlet.specificEnthalpy,19030.930677861856,J/kg
2026-01-01T00:00:15.0000000Z,condenser.outlet.specificEnthalpy,19268.273690082977,J/kg
2026-01-01T00:00:16.0000000Z,condenser.outlet.specificEnthalpy,19504.729409096628,J/kg
2026-01-01T00:00:17.0000000Z,condenser.outlet.specificEnthalpy,19740.290720964313,J/kg
2026-01-01T00:00:18.0000000Z,condenser.outlet.specificEnthalpy,19974.963766589972,J/kg
2026-01-01T00:00:19.0000000Z,condenser.outlet.specificEnthalpy,20208.748145713053,J/kg
2026-01-01T00:00:20.0000000Z,condenser.outlet.specificEnthalpy,20441.656841458811,J/kg
2026-01-01T00:00:21.0000000Z,condenser.outlet.specificEnthalpy,20673.696044423712,J/kg
2026-01-01T00:00:22.0000000Z,condenser.outlet.specificEnthalpy,20904.854249767213,J/kg
2026-01-01T00:00:23.0000000Z,condenser.outlet.specificEnthalpy,21135.143278276206,J/kg
2026-01-01T00:00:24.0000000Z,condenser.outlet.specificEnthalpy,21364.567419192575,J/kg
2026-01-01T00:00:25.0000000Z,condenser.outlet.specificEnthalpy,21593.133620510536,J/kg
2026-01-01T00:00:26.0000000Z,condenser.outlet.specificEnthalpy,21820.840691268582,J/kg
2026-01-01T00:00:27.0000000Z,condenser.outlet.specificEnthalpy,22047.70054904648,J/kg
2026-01-01T00:00:28.0000000Z,condenser.outlet.specificEnthalpy,22273.705786272203,J/kg
2026-01-01T00:00:29.0000000Z,condenser.outlet.specificEnthalpy,22498.861879406937,J/kg
2026-01-01T00:00:00.0000000Z,condenser.outlet.temperature,288.45828886011634,K
2026-01-01T00:00:01.0000000Z,condenser.outlet.temperature,288.7071077521465,K
2026-01-01T00:00:02.0000000Z,condenser.outlet.temperature,288.95496650287981,K
2026-01-01T00:00:03.0000000Z,condenser.outlet.temperature,289.20188959290141,K
2026-01-01T00:00:04.0000000Z,condenser.outlet.temperature,289.44786706842689,K
2026-01-01T00:00:05.0000000Z,condenser.outlet.temperature,289.69290421905652,K
2026-01-01T00:00:06.0000000Z,condenser.outlet.temperature,289.93700440058524,K
2026-01-01T00:00:07.0000000Z,condenser.outlet.temperature,290.18018628714088,K
2026-01-01T00:00:08.0000000Z,condenser.outlet.temperature,290.42243929041609,K
2026-01-01T00:00:09.0000000Z,condenser.outlet.temperature,290.66376704235847,K
2026-01-01T00:00:10.0000000Z,condenser.outlet.temperature,290.90418783531834,K
2026-01-01T00:00:11.0000000Z,condenser.outlet.temperature,291.14368858301987,K
2026-01-01T00:00:12.0000000Z,condenser.outlet.temperature,291.38228857351379,K
2026-01-01T00:00:13.0000000Z,condenser.outlet.temperature,291.61997446084831,K
2026-01-01T00:00:14.0000000Z,condenser.outlet.temperature,291.85677496722059,K
2026-01-01T00:00:15.0000000Z,condenser.outlet.temperature,292.09266596672444,K
2026-01-01T00:00:16.0000000Z,condenser.outlet.temperature,292.3276751012869,K
2026-01-01T00:00:17.0000000Z,condenser.outlet.temperature,292.56179530049099,K
2026-01-01T00:00:18.0000000Z,condenser.outlet.temperature,292.79503266767193,K
2026-01-01T00:00:19.0000000Z,condenser.outlet.temperature,293.0273868050179,K
2026-01-01T00:00:20.0000000Z,condenser.outlet.temperature,293.2588706162262,K
2026-01-01T00:00:21.0000000Z,condenser.outlet.temperature,293.48949025402061,K
2026-01-01T00:00:22.0000000Z,condenser.outlet.temperature,293.71923428394467,K
2026-01-01T00:00:23.0000000Z,condenser.outlet.temperature,293.94811445446828,K
2026-01-01T00:00:24.0000000Z,condenser.outlet.temperature,294.17613502859268,K
2026-01-01T00:00:25.0000000Z,condenser.outlet.temperature,294.40330291180578,K
2026-01-01T00:00:26.0000000Z,condenser.outlet.temperature,294.62961692043211,K
2026-01-01T00:00:27.0000000Z,condenser.outlet.temperature,294.85508889914229,K
2026-01-01T00:00:28.0000000Z,condenser.outlet.temperature,295.0797114856822,K
2026-01-01T00:00:29.0000000Z,condenser.outlet.temperature,295.30349012300923,K
2026-01-01T00:00:00.0000000Z,peltier-hot-side-hx.outlet.dryAirMassFlow,0.02,kg/s
2026-01-01T00:00:01.0000000Z,peltier-hot-side-hx.outlet.dryAirMassFlow,0.02,kg/s
2026-01-01T00:00:02.0000000Z,peltier-hot-side-hx.outlet.dryAirMassFlow,0.02,kg/s
2026-01-01T00:00:03.0000000Z,peltier-hot-side-hx.outlet.dryAirMassFlow,0.02,kg/s
2026-01-01T00:00:04.0000000Z,peltier-hot-side-hx.outlet.dryAirMassFlow,0.02,kg/s
2026-01-01T00:00:05.0000000Z,peltier-hot-side-hx.outlet.dryAirMassFlow,0.02,kg/s
2026-01-01T00:00:06.0000000Z,peltier-hot-side-hx.outlet.dryAirMassFlow,0.02,kg/s
2026-01-01T00:00:07.0000000Z,peltier-hot-side-hx.outlet.dryAirMassFlow,0.02,kg/s
2026-01-01T00:00:08.0000000Z,peltier-hot-side-hx.outlet.dryAirMassFlow,0.02,kg/s
2026-01-01T00:00:09.0000000Z,peltier-hot-side-hx.outlet.dryAirMassFlow,0.02,kg/s
2026-01-01T00:00:10.0000000Z,peltier-hot-side-hx.outlet.dryAirMassFlow,0.02,kg/s
2026-01-01T00:00:11.0000000Z,peltier-hot-side-hx.outlet.dryAirMassFlow,0.02,kg/s
2026-01-01T00:00:12.0000000Z,peltier-hot-side-hx.outlet.dryAirMassFlow,0.02,kg/s
2026-01-01T00:00:13.0000000Z,peltier-hot-side-hx.outlet.dryAirMassFlow,0.02,kg/s
2026-01-01T00:00:14.0000000Z,peltier-hot-side-hx.outlet.dryAirMassFlow,0.02,kg/s
2026-01-01T00:00:15.0000000Z,peltier-hot-side-hx.outlet.dryAirMassFlow,0.02,kg/s
2026-01-01T00:00:16.0000000Z,peltier-hot-side-hx.outlet.dryAirMassFlow,0.02,kg/s
2026-01-01T00:00:17.0000000Z,peltier-hot-side-hx.outlet.dryAirMassFlow,0.02,kg/s
2026-01-01T00:00:18.0000000Z,peltier-hot-side-hx.outlet.dryAirMassFlow,0.02,kg/s
2026-01-01T00:00:19.0000000Z,peltier-hot-side-hx.outlet.dryAirMassFlow,0.02,kg/s
2026-01-01T00:00:20.0000000Z,peltier-hot-side-hx.outlet.dryAirMassFlow,0.02,kg/s
2026-01-01T00:00:21.0000000Z,peltier-hot-side-hx.outlet.dryAirMassFlow,0.02,kg/s
2026-01-01T00:00:22.0000000Z,peltier-hot-side-hx.outlet.dryAirMassFlow,0.02,kg/s
2026-01-01T00:00:23.0000000Z,peltier-hot-side-hx.outlet.dryAirMassFlow,0.02,kg/s
2026-01-01T00:00:24.0000000Z,peltier-hot-side-hx.outlet.dryAirMassFlow,0.02,kg/s
2026-01-01T00:00:25.0000000Z,peltier-hot-side-hx.outlet.dryAirMassFlow,0.02,kg/s
2026-01-01T00:00:26.0000000Z,peltier-hot-side-hx.outlet.dryAirMassFlow,0.02,kg/s
2026-01-01T00:00:27.0000000Z,peltier-hot-side-hx.outlet.dryAirMassFlow,0.02,kg/s
2026-01-01T00:00:28.0000000Z,peltier-hot-side-hx.outlet.dryAirMassFlow,0.02,kg/s
2026-01-01T00:00:29.0000000Z,peltier-hot-side-hx.outlet.dryAirMassFlow,0.02,kg/s
2026-01-01T00:00:00.0000000Z,peltier-hot-side-hx.outlet.humidityRatio,0.0098788738781568838,kg/kg
2026-01-01T00:00:01.0000000Z,peltier-hot-side-hx.outlet.humidityRatio,0.0098788738781568838,kg/kg
2026-01-01T00:00:02.0000000Z,peltier-hot-side-hx.outlet.humidityRatio,0.0098788738781568838,kg/kg
2026-01-01T00:00:03.0000000Z,peltier-hot-side-hx.outlet.humidityRatio,0.0098788738781568838,kg/kg
2026-01-01T00:00:04.0000000Z,peltier-hot-side-hx.outlet.humidityRatio,0.0098788738781568838,kg/kg
2026-01-01T00:00:05.0000000Z,peltier-hot-side-hx.outlet.humidityRatio,0.0098788738781568838,kg/kg
2026-01-01T00:00:06.0000000Z,peltier-hot-side-hx.outlet.humidityRatio,0.0098788738781568838,kg/kg
2026-01-01T00:00:07.0000000Z,peltier-hot-side-hx.outlet.humidityRatio,0.0098788738781568838,kg/kg
2026-01-01T00:00:08.0000000Z,peltier-hot-side-hx.outlet.humidityRatio,0.0098788738781568838,kg/kg
2026-01-01T00:00:09.0000000Z,peltier-hot-side-hx.outlet.humidityRatio,0.0098788738781568838,kg/kg
2026-01-01T00:00:10.0000000Z,peltier-hot-side-hx.outlet.humidityRatio,0.0098788738781568838,kg/kg
2026-01-01T00:00:11.0000000Z,peltier-hot-side-hx.outlet.humidityRatio,0.0098788738781568838,kg/kg
2026-01-01T00:00:12.0000000Z,peltier-hot-side-hx.outlet.humidityRatio,0.0098788738781568838,kg/kg
2026-01-01T00:00:13.0000000Z,peltier-hot-side-hx.outlet.humidityRatio,0.0098788738781568838,kg/kg
2026-01-01T00:00:14.0000000Z,peltier-hot-side-hx.outlet.humidityRatio,0.0098788738781568838,kg/kg
2026-01-01T00:00:15.0000000Z,peltier-hot-side-hx.outlet.humidityRatio,0.0098788738781568838,kg/kg
2026-01-01T00:00:16.0000000Z,peltier-hot-side-hx.outlet.humidityRatio,0.0098788738781568838,kg/kg
2026-01-01T00:00:17.0000000Z,peltier-hot-side-hx.outlet.humidityRatio,0.0098788738781568838,kg/kg
2026-01-01T00:00:18.0000000Z,peltier-hot-side-hx.outlet.humidityRatio,0.0098788738781568838,kg/kg
2026-01-01T00:00:19.0000000Z,peltier-hot-side-hx.outlet.humidityRatio,0.0098788738781568838,kg/kg
2026-01-01T00:00:20.0000000Z,peltier-hot-side-hx.outlet.humidityRatio,0.0098788738781568838,kg/kg
2026-01-01T00:00:21.0000000Z,peltier-hot-side-hx.outlet.humidityRatio,0.0098788738781568838,kg/kg
2026-01-01T00:00:22.0000000Z,peltier-hot-side-hx.outlet.humidityRatio,0.0098788738781568838,kg/kg
2026-01-01T00:00:23.0000000Z,peltier-hot-side-hx.outlet.humidityRatio,0.0098788738781568838,kg/kg
2026-01-01T00:00:24.0000000Z,peltier-hot-side-hx.outlet.humidityRatio,0.0098788738781568838,kg/kg
2026-01-01T00:00:25.0000000Z,peltier-hot-side-hx.outlet.humidityRatio,0.0098788738781568838,kg/kg
2026-01-01T00:00:26.0000000Z,peltier-hot-side-hx.outlet.humidityRatio,0.0098788738781568838,kg/kg
2026-01-01T00:00:27.0000000Z,peltier-hot-side-hx.outlet.humidityRatio,0.0098788738781568838,kg/kg
2026-01-01T00:00:28.0000000Z,peltier-hot-side-hx.outlet.humidityRatio,0.0098788738781568838,kg/kg
2026-01-01T00:00:29.0000000Z,peltier-hot-side-hx.outlet.humidityRatio,0.0098788738781568838,kg/kg
2026-01-01T00:00:00.0000000Z,peltier-hot-side-hx.outlet.relativeHumidity,0.50049346163335795,1
2026-01-01T00:00:01.0000000Z,peltier-hot-side-hx.outlet.relativeHumidity,0.50049346163335795,1
2026-01-01T00:00:02.0000000Z,peltier-hot-side-hx.outlet.relativeHumidity,0.50049346163335795,1
2026-01-01T00:00:03.0000000Z,peltier-hot-side-hx.outlet.relativeHumidity,0.50049346163335795,1
2026-01-01T00:00:04.0000000Z,peltier-hot-side-hx.outlet.relativeHumidity,0.50049346163335795,1
2026-01-01T00:00:05.0000000Z,peltier-hot-side-hx.outlet.relativeHumidity,0.50049346163335795,1
2026-01-01T00:00:06.0000000Z,peltier-hot-side-hx.outlet.relativeHumidity,0.50049346163335795,1
2026-01-01T00:00:07.0000000Z,peltier-hot-side-hx.outlet.relativeHumidity,0.50049346163335795,1
2026-01-01T00:00:08.0000000Z,peltier-hot-side-hx.outlet.relativeHumidity,0.50049346163335795,1
2026-01-01T00:00:09.0000000Z,peltier-hot-side-hx.outlet.relativeHumidity,0.50049346163335795,1
2026-01-01T00:00:10.0000000Z,peltier-hot-side-hx.outlet.relativeHumidity,0.50049346163335795,1
2026-01-01T00:00:11.0000000Z,peltier-hot-side-hx.outlet.relativeHumidity,0.50049346163335795,1
2026-01-01T00:00:12.0000000Z,peltier-hot-side-hx.outlet.relativeHumidity,0.50049346163335795,1
2026-01-01T00:00:13.0000000Z,peltier-hot-side-hx.outlet.relativeHumidity,0.50049346163335795,1
2026-01-01T00:00:14.0000000Z,peltier-hot-side-hx.outlet.relativeHumidity,0.50049346163335795,1
2026-01-01T00:00:15.0000000Z,peltier-hot-side-hx.outlet.relativeHumidity,0.50049346163335795,1
2026-01-01T00:00:16.0000000Z,peltier-hot-side-hx.outlet.relativeHumidity,0.50049346163335795,1
2026-01-01T00:00:17.0000000Z,peltier-hot-side-hx.outlet.relativeHumidity,0.50049346163335795,1
2026-01-01T00:00:18.0000000Z,peltier-hot-side-hx.outlet.relativeHumidity,0.50049346163335795,1
2026-01-01T00:00:19.0000000Z,peltier-hot-side-hx.outlet.relativeHumidity,0.50049346163335795,1
2026-01-01T00:00:20.0000000Z,peltier-hot-side-hx.outlet.relativeHumidity,0.50049346163335795,1
2026-01-01T00:00:21.0000000Z,peltier-hot-side-hx.outlet.relativeHumidity,0.50049346163335795,1
2026-01-01T00:00:22.0000000Z,peltier-hot-side-hx.outlet.relativeHumidity,0.50049346163335795,1
2026-01-01T00:00:23.0000000Z,peltier-hot-side-hx.outlet.relativeHumidity,0.50049346163335795,1
2026-01-01T00:00:24.0000000Z,peltier-hot-side-hx.outlet.relativeHumidity,0.50049346163335795,1
2026-01-01T00:00:25.0000000Z,peltier-hot-side-hx.outlet.relativeHumidity,0.50049346163335795,1
2026-01-01T00:00:26.0000000Z,peltier-hot-side-hx.outlet.relativeHumidity,0.50049346163335795,1
2026-01-01T00:00:27.0000000Z,peltier-hot-side-hx.outlet.relativeHumidity,0.50049346163335795,1
2026-01-01T00:00:28.0000000Z,peltier-hot-side-hx.outlet.relativeHumidity,0.50049346163335795,1
2026-01-01T00:00:29.0000000Z,peltier-hot-side-hx.outlet.relativeHumidity,0.50049346163335795,1
2026-01-01T00:00:00.0000000Z,peltier-hot-side-hx.outlet.specificEnthalpy,50316.431204604662,J/kg
2026-01-01T00:00:01.0000000Z,peltier-hot-side-hx.outlet.specificEnthalpy,50316.431204604662,J/kg
2026-01-01T00:00:02.0000000Z,peltier-hot-side-hx.outlet.specificEnthalpy,50316.431204604662,J/kg
2026-01-01T00:00:03.0000000Z,peltier-hot-side-hx.outlet.specificEnthalpy,50316.431204604662,J/kg
2026-01-01T00:00:04.0000000Z,peltier-hot-side-hx.outlet.specificEnthalpy,50316.431204604662,J/kg
2026-01-01T00:00:05.0000000Z,peltier-hot-side-hx.outlet.specificEnthalpy,50316.431204604662,J/kg
2026-01-01T00:00:06.0000000Z,peltier-hot-side-hx.outlet.specificEnthalpy,50316.431204604662,J/kg
2026-01-01T00:00:07.0000000Z,peltier-hot-side-hx.outlet.specificEnthalpy,50316.431204604662,J/kg
2026-01-01T00:00:08.0000000Z,peltier-hot-side-hx.outlet.specificEnthalpy,50316.431204604662,J/kg
2026-01-01T00:00:09.0000000Z,peltier-hot-side-hx.outlet.specificEnthalpy,50316.431204604662,J/kg
2026-01-01T00:00:10.0000000Z,peltier-hot-side-hx.outlet.specificEnthalpy,50316.431204604662,J/kg
2026-01-01T00:00:11.0000000Z,peltier-hot-side-hx.outlet.specificEnthalpy,50316.431204604662,J/kg
2026-01-01T00:00:12.0000000Z,peltier-hot-side-hx.outlet.specificEnthalpy,50316.431204604662,J/kg
2026-01-01T00:00:13.0000000Z,peltier-hot-side-hx.outlet.specificEnthalpy,50316.431204604662,J/kg
2026-01-01T00:00:14.0000000Z,peltier-hot-side-hx.outlet.specificEnthalpy,50316.431204604662,J/kg
2026-01-01T00:00:15.0000000Z,peltier-hot-side-hx.outlet.specificEnthalpy,50316.431204604662,J/kg
2026-01-01T00:00:16.0000000Z,peltier-hot-side-hx.outlet.specificEnthalpy,50316.431204604662,J/kg
2026-01-01T00:00:17.0000000Z,peltier-hot-side-hx.outlet.specificEnthalpy,50316.431204604662,J/kg
2026-01-01T00:00:18.0000000Z,peltier-hot-side-hx.outlet.specificEnthalpy,50316.431204604662,J/kg
2026-01-01T00:00:19.0000000Z,peltier-hot-side-hx.outlet.specificEnthalpy,50316.431204604662,J/kg
2026-01-01T00:00:20.0000000Z,peltier-hot-side-hx.outlet.specificEnthalpy,50316.431204604662,J/kg
2026-01-01T00:00:21.0000000Z,peltier-hot-side-hx.outlet.specificEnthalpy,50316.431204604662,J/kg
2026-01-01T00:00:22.0000000Z,peltier-hot-side-hx.outlet.specificEnthalpy,50316.431204604662,J/kg
2026-01-01T00:00:23.0000000Z,peltier-hot-side-hx.outlet.specificEnthalpy,50316.431204604662,J/kg
2026-01-01T00:00:24.0000000Z,peltier-hot-side-hx.outlet.specificEnthalpy,50316.431204604662,J/kg
2026-01-01T00:00:25.0000000Z,peltier-hot-side-hx.outlet.specificEnthalpy,50316.431204604662,J/kg
2026-01-01T00:00:26.0000000Z,peltier-hot-side-hx.outlet.specificEnthalpy,50316.431204604662,J/kg
2026-01-01T00:00:27.0000000Z,peltier-hot-side-hx.outlet.specificEnthalpy,50316.431204604662,J/kg
2026-01-01T00:00:28.0000000Z,peltier-hot-side-hx.outlet.specificEnthalpy,50316.431204604662,J/kg
2026-01-01T00:00:29.0000000Z,peltier-hot-side-hx.outlet.specificEnthalpy,50316.431204604662,J/kg
2026-01-01T00:00:00.0000000Z,peltier-hot-side-hx.outlet.temperature,298.14999999999998,K
2026-01-01T00:00:01.0000000Z,peltier-hot-side-hx.outlet.temperature,298.14999999999998,K
2026-01-01T00:00:02.0000000Z,peltier-hot-side-hx.outlet.temperature,298.14999999999998,K
2026-01-01T00:00:03.0000000Z,peltier-hot-side-hx.outlet.temperature,298.14999999999998,K
2026-01-01T00:00:04.0000000Z,peltier-hot-side-hx.outlet.temperature,298.14999999999998,K
2026-01-01T00:00:05.0000000Z,peltier-hot-side-hx.outlet.temperature,298.14999999999998,K
2026-01-01T00:00:06.0000000Z,peltier-hot-side-hx.outlet.temperature,298.14999999999998,K
2026-01-01T00:00:07.0000000Z,peltier-hot-side-hx.outlet.temperature,298.14999999999998,K
2026-01-01T00:00:08.0000000Z,peltier-hot-side-hx.outlet.temperature,298.14999999999998,K
2026-01-01T00:00:09.0000000Z,peltier-hot-side-hx.outlet.temperature,298.14999999999998,K
2026-01-01T00:00:10.0000000Z,peltier-hot-side-hx.outlet.temperature,298.14999999999998,K
2026-01-01T00:00:11.0000000Z,peltier-hot-side-hx.outlet.temperature,298.14999999999998,K
2026-01-01T00:00:12.0000000Z,peltier-hot-side-hx.outlet.temperature,298.14999999999998,K
2026-01-01T00:00:13.0000000Z,peltier-hot-side-hx.outlet.temperature,298.14999999999998,K
2026-01-01T00:00:14.0000000Z,peltier-hot-side-hx.outlet.temperature,298.14999999999998,K
2026-01-01T00:00:15.0000000Z,peltier-hot-side-hx.outlet.temperature,298.14999999999998,K
2026-01-01T00:00:16.0000000Z,peltier-hot-side-hx.outlet.temperature,298.14999999999998,K
2026-01-01T00:00:17.0000000Z,peltier-hot-side-hx.outlet.temperature,298.14999999999998,K
2026-01-01T00:00:18.0000000Z,peltier-hot-side-hx.outlet.temperature,298.14999999999998,K
2026-01-01T00:00:19.0000000Z,peltier-hot-side-hx.outlet.temperature,298.14999999999998,K
2026-01-01T00:00:20.0000000Z,peltier-hot-side-hx.outlet.temperature,298.14999999999998,K
2026-01-01T00:00:21.0000000Z,peltier-hot-side-hx.outlet.temperature,298.14999999999998,K
2026-01-01T00:00:22.0000000Z,peltier-hot-side-hx.outlet.temperature,298.14999999999998,K
2026-01-01T00:00:23.0000000Z,peltier-hot-side-hx.outlet.temperature,298.14999999999998,K
2026-01-01T00:00:24.0000000Z,peltier-hot-side-hx.outlet.temperature,298.14999999999998,K
2026-01-01T00:00:25.0000000Z,peltier-hot-side-hx.outlet.temperature,298.14999999999998,K
2026-01-01T00:00:26.0000000Z,peltier-hot-side-hx.outlet.temperature,298.14999999999998,K
2026-01-01T00:00:27.0000000Z,peltier-hot-side-hx.outlet.temperature,298.14999999999998,K
2026-01-01T00:00:28.0000000Z,peltier-hot-side-hx.outlet.temperature,298.14999999999998,K
2026-01-01T00:00:29.0000000Z,peltier-hot-side-hx.outlet.temperature,298.14999999999998,K
2026-01-01T00:00:00.0000000Z,power-manager.bus.power,50,W
2026-01-01T00:00:01.0000000Z,power-manager.bus.power,50,W
2026-01-01T00:00:02.0000000Z,power-manager.bus.power,50,W
2026-01-01T00:00:03.0000000Z,power-manager.bus.power,50,W
2026-01-01T00:00:04.0000000Z,power-manager.bus.power,50,W
2026-01-01T00:00:05.0000000Z,power-manager.bus.power,50,W
2026-01-01T00:00:06.0000000Z,power-manager.bus.power,50,W
2026-01-01T00:00:07.0000000Z,power-manager.bus.power,50,W
2026-01-01T00:00:08.0000000Z,power-manager.bus.power,50,W
2026-01-01T00:00:09.0000000Z,power-manager.bus.power,50,W
2026-01-01T00:00:10.0000000Z,power-manager.bus.power,50,W
2026-01-01T00:00:11.0000000Z,power-manager.bus.power,50,W
2026-01-01T00:00:12.0000000Z,power-manager.bus.power,50,W
2026-01-01T00:00:13.0000000Z,power-manager.bus.power,50,W
2026-01-01T00:00:14.0000000Z,power-manager.bus.power,50,W
2026-01-01T00:00:15.0000000Z,power-manager.bus.power,50,W
2026-01-01T00:00:16.0000000Z,power-manager.bus.power,50,W
2026-01-01T00:00:17.0000000Z,power-manager.bus.power,50,W
2026-01-01T00:00:18.0000000Z,power-manager.bus.power,50,W
2026-01-01T00:00:19.0000000Z,power-manager.bus.power,50,W
2026-01-01T00:00:20.0000000Z,power-manager.bus.power,50,W
2026-01-01T00:00:21.0000000Z,power-manager.bus.power,50,W
2026-01-01T00:00:22.0000000Z,power-manager.bus.power,50,W
2026-01-01T00:00:23.0000000Z,power-manager.bus.power,50,W
2026-01-01T00:00:24.0000000Z,power-manager.bus.power,50,W
2026-01-01T00:00:25.0000000Z,power-manager.bus.power,50,W
2026-01-01T00:00:26.0000000Z,power-manager.bus.power,50,W
2026-01-01T00:00:27.0000000Z,power-manager.bus.power,50,W
2026-01-01T00:00:28.0000000Z,power-manager.bus.power,50,W
2026-01-01T00:00:29.0000000Z,power-manager.bus.power,50,W
2026-01-01T00:00:00.0000000Z,power-manager.curtailed.power,0,W
2026-01-01T00:00:01.0000000Z,power-manager.curtailed.power,0,W
2026-01-01T00:00:02.0000000Z,power-manager.curtailed.power,0,W
2026-01-01T00:00:03.0000000Z,power-manager.curtailed.power,0,W
2026-01-01T00:00:04.0000000Z,power-manager.curtailed.power,0,W
2026-01-01T00:00:05.0000000Z,power-manager.curtailed.power,0,W
2026-01-01T00:00:06.0000000Z,power-manager.curtailed.power,0,W
2026-01-01T00:00:07.0000000Z,power-manager.curtailed.power,0,W
2026-01-01T00:00:08.0000000Z,power-manager.curtailed.power,0,W
2026-01-01T00:00:09.0000000Z,power-manager.curtailed.power,0,W
2026-01-01T00:00:10.0000000Z,power-manager.curtailed.power,0,W
2026-01-01T00:00:11.0000000Z,power-manager.curtailed.power,0,W
2026-01-01T00:00:12.0000000Z,power-manager.curtailed.power,0,W
2026-01-01T00:00:13.0000000Z,power-manager.curtailed.power,0,W
2026-01-01T00:00:14.0000000Z,power-manager.curtailed.power,0,W
2026-01-01T00:00:15.0000000Z,power-manager.curtailed.power,0,W
2026-01-01T00:00:16.0000000Z,power-manager.curtailed.power,0,W
2026-01-01T00:00:17.0000000Z,power-manager.curtailed.power,0,W
2026-01-01T00:00:18.0000000Z,power-manager.curtailed.power,0,W
2026-01-01T00:00:19.0000000Z,power-manager.curtailed.power,0,W
2026-01-01T00:00:20.0000000Z,power-manager.curtailed.power,0,W
2026-01-01T00:00:21.0000000Z,power-manager.curtailed.power,0,W
2026-01-01T00:00:22.0000000Z,power-manager.curtailed.power,0,W
2026-01-01T00:00:23.0000000Z,power-manager.curtailed.power,0,W
2026-01-01T00:00:24.0000000Z,power-manager.curtailed.power,0,W
2026-01-01T00:00:25.0000000Z,power-manager.curtailed.power,0,W
2026-01-01T00:00:26.0000000Z,power-manager.curtailed.power,0,W
2026-01-01T00:00:27.0000000Z,power-manager.curtailed.power,0,W
2026-01-01T00:00:28.0000000Z,power-manager.curtailed.power,0,W
2026-01-01T00:00:29.0000000Z,power-manager.curtailed.power,0,W
2026-01-01T00:00:00.0000000Z,process-fan.outlet.dryAirMassFlow,0.02,kg/s
2026-01-01T00:00:01.0000000Z,process-fan.outlet.dryAirMassFlow,0.02,kg/s
2026-01-01T00:00:02.0000000Z,process-fan.outlet.dryAirMassFlow,0.02,kg/s
2026-01-01T00:00:03.0000000Z,process-fan.outlet.dryAirMassFlow,0.02,kg/s
2026-01-01T00:00:04.0000000Z,process-fan.outlet.dryAirMassFlow,0.02,kg/s
2026-01-01T00:00:05.0000000Z,process-fan.outlet.dryAirMassFlow,0.02,kg/s
2026-01-01T00:00:06.0000000Z,process-fan.outlet.dryAirMassFlow,0.02,kg/s
2026-01-01T00:00:07.0000000Z,process-fan.outlet.dryAirMassFlow,0.02,kg/s
2026-01-01T00:00:08.0000000Z,process-fan.outlet.dryAirMassFlow,0.02,kg/s
2026-01-01T00:00:09.0000000Z,process-fan.outlet.dryAirMassFlow,0.02,kg/s
2026-01-01T00:00:10.0000000Z,process-fan.outlet.dryAirMassFlow,0.02,kg/s
2026-01-01T00:00:11.0000000Z,process-fan.outlet.dryAirMassFlow,0.02,kg/s
2026-01-01T00:00:12.0000000Z,process-fan.outlet.dryAirMassFlow,0.02,kg/s
2026-01-01T00:00:13.0000000Z,process-fan.outlet.dryAirMassFlow,0.02,kg/s
2026-01-01T00:00:14.0000000Z,process-fan.outlet.dryAirMassFlow,0.02,kg/s
2026-01-01T00:00:15.0000000Z,process-fan.outlet.dryAirMassFlow,0.02,kg/s
2026-01-01T00:00:16.0000000Z,process-fan.outlet.dryAirMassFlow,0.02,kg/s
2026-01-01T00:00:17.0000000Z,process-fan.outlet.dryAirMassFlow,0.02,kg/s
2026-01-01T00:00:18.0000000Z,process-fan.outlet.dryAirMassFlow,0.02,kg/s
2026-01-01T00:00:19.0000000Z,process-fan.outlet.dryAirMassFlow,0.02,kg/s
2026-01-01T00:00:20.0000000Z,process-fan.outlet.dryAirMassFlow,0.02,kg/s
2026-01-01T00:00:21.0000000Z,process-fan.outlet.dryAirMassFlow,0.02,kg/s
2026-01-01T00:00:22.0000000Z,process-fan.outlet.dryAirMassFlow,0.02,kg/s
2026-01-01T00:00:23.0000000Z,process-fan.outlet.dryAirMassFlow,0.02,kg/s
2026-01-01T00:00:24.0000000Z,process-fan.outlet.dryAirMassFlow,0.02,kg/s
2026-01-01T00:00:25.0000000Z,process-fan.outlet.dryAirMassFlow,0.02,kg/s
2026-01-01T00:00:26.0000000Z,process-fan.outlet.dryAirMassFlow,0.02,kg/s
2026-01-01T00:00:27.0000000Z,process-fan.outlet.dryAirMassFlow,0.02,kg/s
2026-01-01T00:00:28.0000000Z,process-fan.outlet.dryAirMassFlow,0.02,kg/s
2026-01-01T00:00:29.0000000Z,process-fan.outlet.dryAirMassFlow,0.02,kg/s
2026-01-01T00:00:00.0000000Z,process-fan.outlet.humidityRatio,0.0098788738781568838,kg/kg
2026-01-01T00:00:01.0000000Z,process-fan.outlet.humidityRatio,0.0098788738781568838,kg/kg
2026-01-01T00:00:02.0000000Z,process-fan.outlet.humidityRatio,0.0098788738781568838,kg/kg
2026-01-01T00:00:03.0000000Z,process-fan.outlet.humidityRatio,0.0098788738781568838,kg/kg
2026-01-01T00:00:04.0000000Z,process-fan.outlet.humidityRatio,0.0098788738781568838,kg/kg
2026-01-01T00:00:05.0000000Z,process-fan.outlet.humidityRatio,0.0098788738781568838,kg/kg
2026-01-01T00:00:06.0000000Z,process-fan.outlet.humidityRatio,0.0098788738781568838,kg/kg
2026-01-01T00:00:07.0000000Z,process-fan.outlet.humidityRatio,0.0098788738781568838,kg/kg
2026-01-01T00:00:08.0000000Z,process-fan.outlet.humidityRatio,0.0098788738781568838,kg/kg
2026-01-01T00:00:09.0000000Z,process-fan.outlet.humidityRatio,0.0098788738781568838,kg/kg
2026-01-01T00:00:10.0000000Z,process-fan.outlet.humidityRatio,0.0098788738781568838,kg/kg
2026-01-01T00:00:11.0000000Z,process-fan.outlet.humidityRatio,0.0098788738781568838,kg/kg
2026-01-01T00:00:12.0000000Z,process-fan.outlet.humidityRatio,0.0098788738781568838,kg/kg
2026-01-01T00:00:13.0000000Z,process-fan.outlet.humidityRatio,0.0098788738781568838,kg/kg
2026-01-01T00:00:14.0000000Z,process-fan.outlet.humidityRatio,0.0098788738781568838,kg/kg
2026-01-01T00:00:15.0000000Z,process-fan.outlet.humidityRatio,0.0098788738781568838,kg/kg
2026-01-01T00:00:16.0000000Z,process-fan.outlet.humidityRatio,0.0098788738781568838,kg/kg
2026-01-01T00:00:17.0000000Z,process-fan.outlet.humidityRatio,0.0098788738781568838,kg/kg
2026-01-01T00:00:18.0000000Z,process-fan.outlet.humidityRatio,0.0098788738781568838,kg/kg
2026-01-01T00:00:19.0000000Z,process-fan.outlet.humidityRatio,0.0098788738781568838,kg/kg
2026-01-01T00:00:20.0000000Z,process-fan.outlet.humidityRatio,0.0098788738781568838,kg/kg
2026-01-01T00:00:21.0000000Z,process-fan.outlet.humidityRatio,0.0098788738781568838,kg/kg
2026-01-01T00:00:22.0000000Z,process-fan.outlet.humidityRatio,0.0098788738781568838,kg/kg
2026-01-01T00:00:23.0000000Z,process-fan.outlet.humidityRatio,0.0098788738781568838,kg/kg
2026-01-01T00:00:24.0000000Z,process-fan.outlet.humidityRatio,0.0098788738781568838,kg/kg
2026-01-01T00:00:25.0000000Z,process-fan.outlet.humidityRatio,0.0098788738781568838,kg/kg
2026-01-01T00:00:26.0000000Z,process-fan.outlet.humidityRatio,0.0098788738781568838,kg/kg
2026-01-01T00:00:27.0000000Z,process-fan.outlet.humidityRatio,0.0098788738781568838,kg/kg
2026-01-01T00:00:28.0000000Z,process-fan.outlet.humidityRatio,0.0098788738781568838,kg/kg
2026-01-01T00:00:29.0000000Z,process-fan.outlet.humidityRatio,0.0098788738781568838,kg/kg
2026-01-01T00:00:00.0000000Z,process-fan.outlet.relativeHumidity,0.50049346163335795,1
2026-01-01T00:00:01.0000000Z,process-fan.outlet.relativeHumidity,0.50049346163335795,1
2026-01-01T00:00:02.0000000Z,process-fan.outlet.relativeHumidity,0.50049346163335795,1
2026-01-01T00:00:03.0000000Z,process-fan.outlet.relativeHumidity,0.50049346163335795,1
2026-01-01T00:00:04.0000000Z,process-fan.outlet.relativeHumidity,0.50049346163335795,1
2026-01-01T00:00:05.0000000Z,process-fan.outlet.relativeHumidity,0.50049346163335795,1
2026-01-01T00:00:06.0000000Z,process-fan.outlet.relativeHumidity,0.50049346163335795,1
2026-01-01T00:00:07.0000000Z,process-fan.outlet.relativeHumidity,0.50049346163335795,1
2026-01-01T00:00:08.0000000Z,process-fan.outlet.relativeHumidity,0.50049346163335795,1
2026-01-01T00:00:09.0000000Z,process-fan.outlet.relativeHumidity,0.50049346163335795,1
2026-01-01T00:00:10.0000000Z,process-fan.outlet.relativeHumidity,0.50049346163335795,1
2026-01-01T00:00:11.0000000Z,process-fan.outlet.relativeHumidity,0.50049346163335795,1
2026-01-01T00:00:12.0000000Z,process-fan.outlet.relativeHumidity,0.50049346163335795,1
2026-01-01T00:00:13.0000000Z,process-fan.outlet.relativeHumidity,0.50049346163335795,1
2026-01-01T00:00:14.0000000Z,process-fan.outlet.relativeHumidity,0.50049346163335795,1
2026-01-01T00:00:15.0000000Z,process-fan.outlet.relativeHumidity,0.50049346163335795,1
2026-01-01T00:00:16.0000000Z,process-fan.outlet.relativeHumidity,0.50049346163335795,1
2026-01-01T00:00:17.0000000Z,process-fan.outlet.relativeHumidity,0.50049346163335795,1
2026-01-01T00:00:18.0000000Z,process-fan.outlet.relativeHumidity,0.50049346163335795,1
2026-01-01T00:00:19.0000000Z,process-fan.outlet.relativeHumidity,0.50049346163335795,1
2026-01-01T00:00:20.0000000Z,process-fan.outlet.relativeHumidity,0.50049346163335795,1
2026-01-01T00:00:21.0000000Z,process-fan.outlet.relativeHumidity,0.50049346163335795,1
2026-01-01T00:00:22.0000000Z,process-fan.outlet.relativeHumidity,0.50049346163335795,1
2026-01-01T00:00:23.0000000Z,process-fan.outlet.relativeHumidity,0.50049346163335795,1
2026-01-01T00:00:24.0000000Z,process-fan.outlet.relativeHumidity,0.50049346163335795,1
2026-01-01T00:00:25.0000000Z,process-fan.outlet.relativeHumidity,0.50049346163335795,1
2026-01-01T00:00:26.0000000Z,process-fan.outlet.relativeHumidity,0.50049346163335795,1
2026-01-01T00:00:27.0000000Z,process-fan.outlet.relativeHumidity,0.50049346163335795,1
2026-01-01T00:00:28.0000000Z,process-fan.outlet.relativeHumidity,0.50049346163335795,1
2026-01-01T00:00:29.0000000Z,process-fan.outlet.relativeHumidity,0.50049346163335795,1
2026-01-01T00:00:00.0000000Z,process-fan.outlet.specificEnthalpy,50316.431204604662,J/kg
2026-01-01T00:00:01.0000000Z,process-fan.outlet.specificEnthalpy,50316.431204604662,J/kg
2026-01-01T00:00:02.0000000Z,process-fan.outlet.specificEnthalpy,50316.431204604662,J/kg
2026-01-01T00:00:03.0000000Z,process-fan.outlet.specificEnthalpy,50316.431204604662,J/kg
2026-01-01T00:00:04.0000000Z,process-fan.outlet.specificEnthalpy,50316.431204604662,J/kg
2026-01-01T00:00:05.0000000Z,process-fan.outlet.specificEnthalpy,50316.431204604662,J/kg
2026-01-01T00:00:06.0000000Z,process-fan.outlet.specificEnthalpy,50316.431204604662,J/kg
2026-01-01T00:00:07.0000000Z,process-fan.outlet.specificEnthalpy,50316.431204604662,J/kg
2026-01-01T00:00:08.0000000Z,process-fan.outlet.specificEnthalpy,50316.431204604662,J/kg
2026-01-01T00:00:09.0000000Z,process-fan.outlet.specificEnthalpy,50316.431204604662,J/kg
2026-01-01T00:00:10.0000000Z,process-fan.outlet.specificEnthalpy,50316.431204604662,J/kg
2026-01-01T00:00:11.0000000Z,process-fan.outlet.specificEnthalpy,50316.431204604662,J/kg
2026-01-01T00:00:12.0000000Z,process-fan.outlet.specificEnthalpy,50316.431204604662,J/kg
2026-01-01T00:00:13.0000000Z,process-fan.outlet.specificEnthalpy,50316.431204604662,J/kg
2026-01-01T00:00:14.0000000Z,process-fan.outlet.specificEnthalpy,50316.431204604662,J/kg
2026-01-01T00:00:15.0000000Z,process-fan.outlet.specificEnthalpy,50316.431204604662,J/kg
2026-01-01T00:00:16.0000000Z,process-fan.outlet.specificEnthalpy,50316.431204604662,J/kg
2026-01-01T00:00:17.0000000Z,process-fan.outlet.specificEnthalpy,50316.431204604662,J/kg
2026-01-01T00:00:18.0000000Z,process-fan.outlet.specificEnthalpy,50316.431204604662,J/kg
2026-01-01T00:00:19.0000000Z,process-fan.outlet.specificEnthalpy,50316.431204604662,J/kg
2026-01-01T00:00:20.0000000Z,process-fan.outlet.specificEnthalpy,50316.431204604662,J/kg
2026-01-01T00:00:21.0000000Z,process-fan.outlet.specificEnthalpy,50316.431204604662,J/kg
2026-01-01T00:00:22.0000000Z,process-fan.outlet.specificEnthalpy,50316.431204604662,J/kg
2026-01-01T00:00:23.0000000Z,process-fan.outlet.specificEnthalpy,50316.431204604662,J/kg
2026-01-01T00:00:24.0000000Z,process-fan.outlet.specificEnthalpy,50316.431204604662,J/kg
2026-01-01T00:00:25.0000000Z,process-fan.outlet.specificEnthalpy,50316.431204604662,J/kg
2026-01-01T00:00:26.0000000Z,process-fan.outlet.specificEnthalpy,50316.431204604662,J/kg
2026-01-01T00:00:27.0000000Z,process-fan.outlet.specificEnthalpy,50316.431204604662,J/kg
2026-01-01T00:00:28.0000000Z,process-fan.outlet.specificEnthalpy,50316.431204604662,J/kg
2026-01-01T00:00:29.0000000Z,process-fan.outlet.specificEnthalpy,50316.431204604662,J/kg
2026-01-01T00:00:00.0000000Z,process-fan.outlet.temperature,298.14999999999998,K
2026-01-01T00:00:01.0000000Z,process-fan.outlet.temperature,298.14999999999998,K
2026-01-01T00:00:02.0000000Z,process-fan.outlet.temperature,298.14999999999998,K
2026-01-01T00:00:03.0000000Z,process-fan.outlet.temperature,298.14999999999998,K
2026-01-01T00:00:04.0000000Z,process-fan.outlet.temperature,298.14999999999998,K
2026-01-01T00:00:05.0000000Z,process-fan.outlet.temperature,298.14999999999998,K
2026-01-01T00:00:06.0000000Z,process-fan.outlet.temperature,298.14999999999998,K
2026-01-01T00:00:07.0000000Z,process-fan.outlet.temperature,298.14999999999998,K
2026-01-01T00:00:08.0000000Z,process-fan.outlet.temperature,298.14999999999998,K
2026-01-01T00:00:09.0000000Z,process-fan.outlet.temperature,298.14999999999998,K
2026-01-01T00:00:10.0000000Z,process-fan.outlet.temperature,298.14999999999998,K
2026-01-01T00:00:11.0000000Z,process-fan.outlet.temperature,298.14999999999998,K
2026-01-01T00:00:12.0000000Z,process-fan.outlet.temperature,298.14999999999998,K
2026-01-01T00:00:13.0000000Z,process-fan.outlet.temperature,298.14999999999998,K
2026-01-01T00:00:14.0000000Z,process-fan.outlet.temperature,298.14999999999998,K
2026-01-01T00:00:15.0000000Z,process-fan.outlet.temperature,298.14999999999998,K
2026-01-01T00:00:16.0000000Z,process-fan.outlet.temperature,298.14999999999998,K
2026-01-01T00:00:17.0000000Z,process-fan.outlet.temperature,298.14999999999998,K
2026-01-01T00:00:18.0000000Z,process-fan.outlet.temperature,298.14999999999998,K
2026-01-01T00:00:19.0000000Z,process-fan.outlet.temperature,298.14999999999998,K
2026-01-01T00:00:20.0000000Z,process-fan.outlet.temperature,298.14999999999998,K
2026-01-01T00:00:21.0000000Z,process-fan.outlet.temperature,298.14999999999998,K
2026-01-01T00:00:22.0000000Z,process-fan.outlet.temperature,298.14999999999998,K
2026-01-01T00:00:23.0000000Z,process-fan.outlet.temperature,298.14999999999998,K
2026-01-01T00:00:24.0000000Z,process-fan.outlet.temperature,298.14999999999998,K
2026-01-01T00:00:25.0000000Z,process-fan.outlet.temperature,298.14999999999998,K
2026-01-01T00:00:26.0000000Z,process-fan.outlet.temperature,298.14999999999998,K
2026-01-01T00:00:27.0000000Z,process-fan.outlet.temperature,298.14999999999998,K
2026-01-01T00:00:28.0000000Z,process-fan.outlet.temperature,298.14999999999998,K
2026-01-01T00:00:29.0000000Z,process-fan.outlet.temperature,298.14999999999998,K
2026-01-01T00:00:00.0000000Z,pv-panel.electrical.power,216,W
2026-01-01T00:00:01.0000000Z,pv-panel.electrical.power,216,W
2026-01-01T00:00:02.0000000Z,pv-panel.electrical.power,216,W
2026-01-01T00:00:03.0000000Z,pv-panel.electrical.power,216,W
2026-01-01T00:00:04.0000000Z,pv-panel.electrical.power,216,W
2026-01-01T00:00:05.0000000Z,pv-panel.electrical.power,216,W
2026-01-01T00:00:06.0000000Z,pv-panel.electrical.power,216,W
2026-01-01T00:00:07.0000000Z,pv-panel.electrical.power,216,W
2026-01-01T00:00:08.0000000Z,pv-panel.electrical.power,216,W
2026-01-01T00:00:09.0000000Z,pv-panel.electrical.power,216,W
2026-01-01T00:00:10.0000000Z,pv-panel.electrical.power,216,W
2026-01-01T00:00:11.0000000Z,pv-panel.electrical.power,216,W
2026-01-01T00:00:12.0000000Z,pv-panel.electrical.power,216,W
2026-01-01T00:00:13.0000000Z,pv-panel.electrical.power,216,W
2026-01-01T00:00:14.0000000Z,pv-panel.electrical.power,216,W
2026-01-01T00:00:15.0000000Z,pv-panel.electrical.power,216,W
2026-01-01T00:00:16.0000000Z,pv-panel.electrical.power,216,W
2026-01-01T00:00:17.0000000Z,pv-panel.electrical.power,216,W
2026-01-01T00:00:18.0000000Z,pv-panel.electrical.power,216,W
2026-01-01T00:00:19.0000000Z,pv-panel.electrical.power,216,W
2026-01-01T00:00:20.0000000Z,pv-panel.electrical.power,216,W
2026-01-01T00:00:21.0000000Z,pv-panel.electrical.power,216,W
2026-01-01T00:00:22.0000000Z,pv-panel.electrical.power,216,W
2026-01-01T00:00:23.0000000Z,pv-panel.electrical.power,216,W
2026-01-01T00:00:24.0000000Z,pv-panel.electrical.power,216,W
2026-01-01T00:00:25.0000000Z,pv-panel.electrical.power,216,W
2026-01-01T00:00:26.0000000Z,pv-panel.electrical.power,216,W
2026-01-01T00:00:27.0000000Z,pv-panel.electrical.power,216,W
2026-01-01T00:00:28.0000000Z,pv-panel.electrical.power,216,W
2026-01-01T00:00:29.0000000Z,pv-panel.electrical.power,216,W
2026-01-01T00:00:00.0000000Z,pv-solar-radiation.outlet.irradiance,800,W/m^2
2026-01-01T00:00:01.0000000Z,pv-solar-radiation.outlet.irradiance,800,W/m^2
2026-01-01T00:00:02.0000000Z,pv-solar-radiation.outlet.irradiance,800,W/m^2
2026-01-01T00:00:03.0000000Z,pv-solar-radiation.outlet.irradiance,800,W/m^2
2026-01-01T00:00:04.0000000Z,pv-solar-radiation.outlet.irradiance,800,W/m^2
2026-01-01T00:00:05.0000000Z,pv-solar-radiation.outlet.irradiance,800,W/m^2
2026-01-01T00:00:06.0000000Z,pv-solar-radiation.outlet.irradiance,800,W/m^2
2026-01-01T00:00:07.0000000Z,pv-solar-radiation.outlet.irradiance,800,W/m^2
2026-01-01T00:00:08.0000000Z,pv-solar-radiation.outlet.irradiance,800,W/m^2
2026-01-01T00:00:09.0000000Z,pv-solar-radiation.outlet.irradiance,800,W/m^2
2026-01-01T00:00:10.0000000Z,pv-solar-radiation.outlet.irradiance,800,W/m^2
2026-01-01T00:00:11.0000000Z,pv-solar-radiation.outlet.irradiance,800,W/m^2
2026-01-01T00:00:12.0000000Z,pv-solar-radiation.outlet.irradiance,800,W/m^2
2026-01-01T00:00:13.0000000Z,pv-solar-radiation.outlet.irradiance,800,W/m^2
2026-01-01T00:00:14.0000000Z,pv-solar-radiation.outlet.irradiance,800,W/m^2
2026-01-01T00:00:15.0000000Z,pv-solar-radiation.outlet.irradiance,800,W/m^2
2026-01-01T00:00:16.0000000Z,pv-solar-radiation.outlet.irradiance,800,W/m^2
2026-01-01T00:00:17.0000000Z,pv-solar-radiation.outlet.irradiance,800,W/m^2
2026-01-01T00:00:18.0000000Z,pv-solar-radiation.outlet.irradiance,800,W/m^2
2026-01-01T00:00:19.0000000Z,pv-solar-radiation.outlet.irradiance,800,W/m^2
2026-01-01T00:00:20.0000000Z,pv-solar-radiation.outlet.irradiance,800,W/m^2
2026-01-01T00:00:21.0000000Z,pv-solar-radiation.outlet.irradiance,800,W/m^2
2026-01-01T00:00:22.0000000Z,pv-solar-radiation.outlet.irradiance,800,W/m^2
2026-01-01T00:00:23.0000000Z,pv-solar-radiation.outlet.irradiance,800,W/m^2
2026-01-01T00:00:24.0000000Z,pv-solar-radiation.outlet.irradiance,800,W/m^2
2026-01-01T00:00:25.0000000Z,pv-solar-radiation.outlet.irradiance,800,W/m^2
2026-01-01T00:00:26.0000000Z,pv-solar-radiation.outlet.irradiance,800,W/m^2
2026-01-01T00:00:27.0000000Z,pv-solar-radiation.outlet.irradiance,800,W/m^2
2026-01-01T00:00:28.0000000Z,pv-solar-radiation.outlet.irradiance,800,W/m^2
2026-01-01T00:00:29.0000000Z,pv-solar-radiation.outlet.irradiance,800,W/m^2
2026-01-01T00:00:00.0000000Z,silica-gel-bed.outlet.dryAirMassFlow,0.02,kg/s
2026-01-01T00:00:01.0000000Z,silica-gel-bed.outlet.dryAirMassFlow,0.02,kg/s
2026-01-01T00:00:02.0000000Z,silica-gel-bed.outlet.dryAirMassFlow,0.02,kg/s
2026-01-01T00:00:03.0000000Z,silica-gel-bed.outlet.dryAirMassFlow,0.02,kg/s
2026-01-01T00:00:04.0000000Z,silica-gel-bed.outlet.dryAirMassFlow,0.02,kg/s
2026-01-01T00:00:05.0000000Z,silica-gel-bed.outlet.dryAirMassFlow,0.02,kg/s
2026-01-01T00:00:06.0000000Z,silica-gel-bed.outlet.dryAirMassFlow,0.02,kg/s
2026-01-01T00:00:07.0000000Z,silica-gel-bed.outlet.dryAirMassFlow,0.02,kg/s
2026-01-01T00:00:08.0000000Z,silica-gel-bed.outlet.dryAirMassFlow,0.02,kg/s
2026-01-01T00:00:09.0000000Z,silica-gel-bed.outlet.dryAirMassFlow,0.02,kg/s
2026-01-01T00:00:10.0000000Z,silica-gel-bed.outlet.dryAirMassFlow,0.02,kg/s
2026-01-01T00:00:11.0000000Z,silica-gel-bed.outlet.dryAirMassFlow,0.02,kg/s
2026-01-01T00:00:12.0000000Z,silica-gel-bed.outlet.dryAirMassFlow,0.02,kg/s
2026-01-01T00:00:13.0000000Z,silica-gel-bed.outlet.dryAirMassFlow,0.02,kg/s
2026-01-01T00:00:14.0000000Z,silica-gel-bed.outlet.dryAirMassFlow,0.02,kg/s
2026-01-01T00:00:15.0000000Z,silica-gel-bed.outlet.dryAirMassFlow,0.02,kg/s
2026-01-01T00:00:16.0000000Z,silica-gel-bed.outlet.dryAirMassFlow,0.02,kg/s
2026-01-01T00:00:17.0000000Z,silica-gel-bed.outlet.dryAirMassFlow,0.02,kg/s
2026-01-01T00:00:18.0000000Z,silica-gel-bed.outlet.dryAirMassFlow,0.02,kg/s
2026-01-01T00:00:19.0000000Z,silica-gel-bed.outlet.dryAirMassFlow,0.02,kg/s
2026-01-01T00:00:20.0000000Z,silica-gel-bed.outlet.dryAirMassFlow,0.02,kg/s
2026-01-01T00:00:21.0000000Z,silica-gel-bed.outlet.dryAirMassFlow,0.02,kg/s
2026-01-01T00:00:22.0000000Z,silica-gel-bed.outlet.dryAirMassFlow,0.02,kg/s
2026-01-01T00:00:23.0000000Z,silica-gel-bed.outlet.dryAirMassFlow,0.02,kg/s
2026-01-01T00:00:24.0000000Z,silica-gel-bed.outlet.dryAirMassFlow,0.02,kg/s
2026-01-01T00:00:25.0000000Z,silica-gel-bed.outlet.dryAirMassFlow,0.02,kg/s
2026-01-01T00:00:26.0000000Z,silica-gel-bed.outlet.dryAirMassFlow,0.02,kg/s
2026-01-01T00:00:27.0000000Z,silica-gel-bed.outlet.dryAirMassFlow,0.02,kg/s
2026-01-01T00:00:28.0000000Z,silica-gel-bed.outlet.dryAirMassFlow,0.02,kg/s
2026-01-01T00:00:29.0000000Z,silica-gel-bed.outlet.dryAirMassFlow,0.02,kg/s
2026-01-01T00:00:00.0000000Z,silica-gel-bed.outlet.humidityRatio,8.356948970459278E-05,kg/kg
2026-01-01T00:00:01.0000000Z,silica-gel-bed.outlet.humidityRatio,8.356948970459278E-05,kg/kg
2026-01-01T00:00:02.0000000Z,silica-gel-bed.outlet.humidityRatio,8.356948970459278E-05,kg/kg
2026-01-01T00:00:03.0000000Z,silica-gel-bed.outlet.humidityRatio,8.356948970459278E-05,kg/kg
2026-01-01T00:00:04.0000000Z,silica-gel-bed.outlet.humidityRatio,8.356948970459278E-05,kg/kg
2026-01-01T00:00:05.0000000Z,silica-gel-bed.outlet.humidityRatio,8.356948970459278E-05,kg/kg
2026-01-01T00:00:06.0000000Z,silica-gel-bed.outlet.humidityRatio,8.356948970459278E-05,kg/kg
2026-01-01T00:00:07.0000000Z,silica-gel-bed.outlet.humidityRatio,8.356948970459278E-05,kg/kg
2026-01-01T00:00:08.0000000Z,silica-gel-bed.outlet.humidityRatio,8.356948970459278E-05,kg/kg
2026-01-01T00:00:09.0000000Z,silica-gel-bed.outlet.humidityRatio,8.356948970459278E-05,kg/kg
2026-01-01T00:00:10.0000000Z,silica-gel-bed.outlet.humidityRatio,8.356948970459278E-05,kg/kg
2026-01-01T00:00:11.0000000Z,silica-gel-bed.outlet.humidityRatio,8.356948970459278E-05,kg/kg
2026-01-01T00:00:12.0000000Z,silica-gel-bed.outlet.humidityRatio,8.356948970459278E-05,kg/kg
2026-01-01T00:00:13.0000000Z,silica-gel-bed.outlet.humidityRatio,8.356948970459278E-05,kg/kg
2026-01-01T00:00:14.0000000Z,silica-gel-bed.outlet.humidityRatio,8.356948970459278E-05,kg/kg
2026-01-01T00:00:15.0000000Z,silica-gel-bed.outlet.humidityRatio,8.356948970459278E-05,kg/kg
2026-01-01T00:00:16.0000000Z,silica-gel-bed.outlet.humidityRatio,8.356948970459278E-05,kg/kg
2026-01-01T00:00:17.0000000Z,silica-gel-bed.outlet.humidityRatio,8.356948970459278E-05,kg/kg
2026-01-01T00:00:18.0000000Z,silica-gel-bed.outlet.humidityRatio,8.356948970459278E-05,kg/kg
2026-01-01T00:00:19.0000000Z,silica-gel-bed.outlet.humidityRatio,8.356948970459278E-05,kg/kg
2026-01-01T00:00:20.0000000Z,silica-gel-bed.outlet.humidityRatio,8.356948970459278E-05,kg/kg
2026-01-01T00:00:21.0000000Z,silica-gel-bed.outlet.humidityRatio,8.356948970459278E-05,kg/kg
2026-01-01T00:00:22.0000000Z,silica-gel-bed.outlet.humidityRatio,8.356948970459278E-05,kg/kg
2026-01-01T00:00:23.0000000Z,silica-gel-bed.outlet.humidityRatio,8.356948970459278E-05,kg/kg
2026-01-01T00:00:24.0000000Z,silica-gel-bed.outlet.humidityRatio,8.356948970459278E-05,kg/kg
2026-01-01T00:00:25.0000000Z,silica-gel-bed.outlet.humidityRatio,8.356948970459278E-05,kg/kg
2026-01-01T00:00:26.0000000Z,silica-gel-bed.outlet.humidityRatio,8.356948970459278E-05,kg/kg
2026-01-01T00:00:27.0000000Z,silica-gel-bed.outlet.humidityRatio,8.356948970459278E-05,kg/kg
2026-01-01T00:00:28.0000000Z,silica-gel-bed.outlet.humidityRatio,8.356948970459278E-05,kg/kg
2026-01-01T00:00:29.0000000Z,silica-gel-bed.outlet.humidityRatio,8.356948970459278E-05,kg/kg
2026-01-01T00:00:00.0000000Z,silica-gel-bed.outlet.relativeHumidity,0.0042377250675164225,1
2026-01-01T00:00:01.0000000Z,silica-gel-bed.outlet.relativeHumidity,0.0041755069197994474,1
2026-01-01T00:00:02.0000000Z,silica-gel-bed.outlet.relativeHumidity,0.0041145488382081713,1
2026-01-01T00:00:03.0000000Z,silica-gel-bed.outlet.relativeHumidity,0.0040548195895115293,1
2026-01-01T00:00:04.0000000Z,silica-gel-bed.outlet.relativeHumidity,0.003996288844512955,1
2026-01-01T00:00:05.0000000Z,silica-gel-bed.outlet.relativeHumidity,0.0039389271483482331,1
2026-01-01T00:00:06.0000000Z,silica-gel-bed.outlet.relativeHumidity,0.0038827058918697605,1
2026-01-01T00:00:07.0000000Z,silica-gel-bed.outlet.relativeHumidity,0.0038275972840743078,1
2026-01-01T00:00:08.0000000Z,silica-gel-bed.outlet.relativeHumidity,0.0037735743255316216,1
2026-01-01T00:00:09.0000000Z,silica-gel-bed.outlet.relativeHumidity,0.0037206107827747891,1
2026-01-01T00:00:10.0000000Z,silica-gel-bed.outlet.relativeHumidity,0.0036686811636135529,1
2026-01-01T00:00:11.0000000Z,silica-gel-bed.outlet.relativeHumidity,0.0036177606933343598,1
2026-01-01T00:00:12.0000000Z,silica-gel-bed.outlet.relativeHumidity,0.0035678252917518555,1
2026-01-01T00:00:13.0000000Z,silica-gel-bed.outlet.relativeHumidity,0.0035188515510786024,1
2026-01-01T00:00:14.0000000Z,silica-gel-bed.outlet.relativeHumidity,0.0034708167145809043,1
2026-01-01T00:00:15.0000000Z,silica-gel-bed.outlet.relativeHumidity,0.0034236986559899063,1
2026-01-01T00:00:16.0000000Z,silica-gel-bed.outlet.relativeHumidity,0.003377475859638835,1
2026-01-01T00:00:17.0000000Z,silica-gel-bed.outlet.relativeHumidity,0.003332127401297852,1
2026-01-01T00:00:18.0000000Z,silica-gel-bed.outlet.relativeHumidity,0.0032876329296800595,1
2026-01-01T00:00:19.0000000Z,silica-gel-bed.outlet.relativeHumidity,0.0032439726485923703,1
2026-01-01T00:00:20.0000000Z,silica-gel-bed.outlet.relativeHumidity,0.003201127299706865,1
2026-01-01T00:00:21.0000000Z,silica-gel-bed.outlet.relativeHumidity,0.003159078145928623,1
2026-01-01T00:00:22.0000000Z,silica-gel-bed.outlet.relativeHumidity,0.0031178069553375438,1
2026-01-01T00:00:23.0000000Z,silica-gel-bed.outlet.relativeHumidity,0.0030772959856821794,1
2026-01-01T00:00:24.0000000Z,silica-gel-bed.outlet.relativeHumidity,0.0030375279694049473,1
2026-01-01T00:00:25.0000000Z,silica-gel-bed.outlet.relativeHumidity,0.0029984860991783056,1
2026-01-01T00:00:26.0000000Z,silica-gel-bed.outlet.relativeHumidity,0.0029601540139332586,1
2026-01-01T00:00:27.0000000Z,silica-gel-bed.outlet.relativeHumidity,0.0029225157853610844,1
2026-01-01T00:00:28.0000000Z,silica-gel-bed.outlet.relativeHumidity,0.0028855559048711582,1
2026-01-01T00:00:29.0000000Z,silica-gel-bed.outlet.relativeHumidity,0.002849259270987831,1
2026-01-01T00:00:00.0000000Z,silica-gel-bed.outlet.specificEnthalpy,25611.5269201587,J/kg
2026-01-01T00:00:01.0000000Z,silica-gel-bed.outlet.specificEnthalpy,25861.873340641094,J/kg
2026-01-01T00:00:02.0000000Z,silica-gel-bed.outlet.specificEnthalpy,26111.263271231561,J/kg
2026-01-01T00:00:03.0000000Z,silica-gel-bed.outlet.specificEnthalpy,26359.701150012446,J/kg
2026-01-01T00:00:04.0000000Z,silica-gel-bed.outlet.specificEnthalpy,26607.191389374166,J/kg
2026-01-01T00:00:05.0000000Z,silica-gel-bed.outlet.specificEnthalpy,26853.738376192639,J/kg
2026-01-01T00:00:06.0000000Z,silica-gel-bed.outlet.specificEnthalpy,27099.34647200679,J/kg
2026-01-01T00:00:07.0000000Z,silica-gel-bed.outlet.specificEnthalpy,27344.020013192898,J/kg
2026-01-01T00:00:08.0000000Z,silica-gel-bed.outlet.specificEnthalpy,27587.763311139588,J/kg
2026-01-01T00:00:09.0000000Z,silica-gel-bed.outlet.specificEnthalpy,27830.58065241982,J/kg
2026-01-01T00:00:10.0000000Z,silica-gel-bed.outlet.specificEnthalpy,28072.476298962476,J/kg
2026-01-01T00:00:11.0000000Z,silica-gel-bed.outlet.specificEnthalpy,28313.454488221931,J/kg
2026-01-01T00:00:12.0000000Z,silica-gel-bed.outlet.specificEnthalpy,28553.519433347108,J/kg
2026-01-01T00:00:13.0000000Z,silica-gel-bed.outlet.specificEnthalpy,28792.675323348787,J/kg
2026-01-01T00:00:14.0000000Z,silica-gel-bed.outlet.specificEnthalpy,29030.926323265401,J/kg
2026-01-01T00:00:15.0000000Z,silica-gel-bed.outlet.specificEnthalpy,29268.276574328022,J/kg
2026-01-01T00:00:16.0000000Z,silica-gel-bed.outlet.specificEnthalpy,29504.730194123385,J/kg
2026-01-01T00:00:17.0000000Z,silica-gel-bed.outlet.specificEnthalpy,29740.29127675683,J/kg
2026-01-01T00:00:18.0000000Z,silica-gel-bed.outlet.specificEnthalpy,29974.963893012598,J/kg
2026-01-01T00:00:19.0000000Z,silica-gel-bed.outlet.specificEnthalpy,30208.752090514041,J/kg
2026-01-01T00:00:20.0000000Z,silica-gel-bed.outlet.specificEnthalpy,30441.65989388165,J/kg
2026-01-01T00:00:21.0000000Z,silica-gel-bed.outlet.specificEnthalpy,30673.691304890679,J/kg
2026-01-01T00:00:22.0000000Z,silica-gel-bed.outlet.specificEnthalpy,30904.850302626917,J/kg
2026-01-01T00:00:23.0000000Z,silica-gel-bed.outlet.specificEnthalpy,31135.140843641952,J/kg
2026-01-01T00:00:24.0000000Z,silica-gel-bed.outlet.specificEnthalpy,31364.566862106185,J/kg
2026-01-01T00:00:25.0000000Z,silica-gel-bed.outlet.specificEnthalpy,31593.132269962127,J/kg
2026-01-01T00:00:26.0000000Z,silica-gel-bed.outlet.specificEnthalpy,31820.840957074579,J/kg
2026-01-01T00:00:27.0000000Z,silica-gel-bed.outlet.specificEnthalpy,32047.696791381743,J/kg
2026-01-01T00:00:28.0000000Z,silica-gel-bed.outlet.specificEnthalpy,32273.703619044089,J/kg
2026-01-01T00:00:29.0000000Z,silica-gel-bed.outlet.specificEnthalpy,32498.865264591641,J/kg
2026-01-01T00:00:00.0000000Z,silica-gel-bed.outlet.temperature,298.39711255879246,K
2026-01-01T00:00:01.0000000Z,silica-gel-bed.outlet.temperature,298.64592741454555,K
2026-01-01T00:00:02.0000000Z,silica-gel-bed.outlet.temperature,298.893791632003,K
2026-01-01T00:00:03.0000000Z,silica-gel-bed.outlet.temperature,299.14070962209593,K
2026-01-01T00:00:04.0000000Z,silica-gel-bed.outlet.temperature,299.38668577022071,K
2026-01-01T00:00:05.0000000Z,silica-gel-bed.outlet.temperature,299.63172443641531,K
2026-01-01T00:00:06.0000000Z,silica-gel-bed.outlet.temperature,299.87582995553572,K
2026-01-01T00:00:07.0000000Z,silica-gel-bed.outlet.temperature,300.11900663742921,K
2026-01-01T00:00:08.0000000Z,silica-gel-bed.outlet.temperature,300.36125876710827,K
2026-01-01T00:00:09.0000000Z,silica-gel-bed.outlet.temperature,300.60259060492155,K
2026-01-01T00:00:10.0000000Z,silica-gel-bed.outlet.temperature,300.84300638672437,K
2026-01-01T00:00:11.0000000Z,silica-gel-bed.outlet.temperature,301.08251032404729,K
2026-01-01T00:00:12.0000000Z,silica-gel-bed.outlet.temperature,301.32110660426412,K
2026-01-01T00:00:13.0000000Z,silica-gel-bed.outlet.temperature,301.55879939075817,K
2026-01-01T00:00:14.0000000Z,silica-gel-bed.outlet.temperature,301.79559282308708,K
2026-01-01T00:00:15.0000000Z,silica-gel-bed.outlet.temperature,302.03149101714678,K
2026-01-01T00:00:16.0000000Z,silica-gel-bed.outlet.temperature,302.26649806533351,K
2026-01-01T00:00:17.0000000Z,silica-gel-bed.outlet.temperature,302.50061803670576,K
2026-01-01T00:00:18.0000000Z,silica-gel-bed.outlet.temperature,302.73385497714361,K
2026-01-01T00:00:19.0000000Z,silica-gel-bed.outlet.temperature,302.96621290950793,K
2026-01-01T00:00:20.0000000Z,silica-gel-bed.outlet.temperature,303.19769583379747,K
2026-01-01T00:00:21.0000000Z,silica-gel-bed.outlet.temperature,303.42830772730548,K
2026-01-01T00:00:22.0000000Z,silica-gel-bed.outlet.temperature,303.65805254477459,K
2026-01-01T00:00:23.0000000Z,silica-gel-bed.outlet.temperature,303.88693421855106,K
2026-01-01T00:00:24.0000000Z,silica-gel-bed.outlet.temperature,304.1149566587369,K
2026-01-01T00:00:25.0000000Z,silica-gel-bed.outlet.temperature,304.34212375334221,K
2026-01-01T00:00:26.0000000Z,silica-gel-bed.outlet.temperature,304.56843936843444,K
2026-01-01T00:00:27.0000000Z,silica-gel-bed.outlet.temperature,304.7939073482886,K
2026-01-01T00:00:28.0000000Z,silica-gel-bed.outlet.temperature,305.01853151553519,K
2026-01-01T00:00:29.0000000Z,silica-gel-bed.outlet.temperature,305.24231567130659,K
2026-01-01T00:00:00.0000000Z,solar-collector.outlet.dryAirMassFlow,0.02,kg/s
2026-01-01T00:00:01.0000000Z,solar-collector.outlet.dryAirMassFlow,0.02,kg/s
2026-01-01T00:00:02.0000000Z,solar-collector.outlet.dryAirMassFlow,0.02,kg/s
2026-01-01T00:00:03.0000000Z,solar-collector.outlet.dryAirMassFlow,0.02,kg/s
2026-01-01T00:00:04.0000000Z,solar-collector.outlet.dryAirMassFlow,0.02,kg/s
2026-01-01T00:00:05.0000000Z,solar-collector.outlet.dryAirMassFlow,0.02,kg/s
2026-01-01T00:00:06.0000000Z,solar-collector.outlet.dryAirMassFlow,0.02,kg/s
2026-01-01T00:00:07.0000000Z,solar-collector.outlet.dryAirMassFlow,0.02,kg/s
2026-01-01T00:00:08.0000000Z,solar-collector.outlet.dryAirMassFlow,0.02,kg/s
2026-01-01T00:00:09.0000000Z,solar-collector.outlet.dryAirMassFlow,0.02,kg/s
2026-01-01T00:00:10.0000000Z,solar-collector.outlet.dryAirMassFlow,0.02,kg/s
2026-01-01T00:00:11.0000000Z,solar-collector.outlet.dryAirMassFlow,0.02,kg/s
2026-01-01T00:00:12.0000000Z,solar-collector.outlet.dryAirMassFlow,0.02,kg/s
2026-01-01T00:00:13.0000000Z,solar-collector.outlet.dryAirMassFlow,0.02,kg/s
2026-01-01T00:00:14.0000000Z,solar-collector.outlet.dryAirMassFlow,0.02,kg/s
2026-01-01T00:00:15.0000000Z,solar-collector.outlet.dryAirMassFlow,0.02,kg/s
2026-01-01T00:00:16.0000000Z,solar-collector.outlet.dryAirMassFlow,0.02,kg/s
2026-01-01T00:00:17.0000000Z,solar-collector.outlet.dryAirMassFlow,0.02,kg/s
2026-01-01T00:00:18.0000000Z,solar-collector.outlet.dryAirMassFlow,0.02,kg/s
2026-01-01T00:00:19.0000000Z,solar-collector.outlet.dryAirMassFlow,0.02,kg/s
2026-01-01T00:00:20.0000000Z,solar-collector.outlet.dryAirMassFlow,0.02,kg/s
2026-01-01T00:00:21.0000000Z,solar-collector.outlet.dryAirMassFlow,0.02,kg/s
2026-01-01T00:00:22.0000000Z,solar-collector.outlet.dryAirMassFlow,0.02,kg/s
2026-01-01T00:00:23.0000000Z,solar-collector.outlet.dryAirMassFlow,0.02,kg/s
2026-01-01T00:00:24.0000000Z,solar-collector.outlet.dryAirMassFlow,0.02,kg/s
2026-01-01T00:00:25.0000000Z,solar-collector.outlet.dryAirMassFlow,0.02,kg/s
2026-01-01T00:00:26.0000000Z,solar-collector.outlet.dryAirMassFlow,0.02,kg/s
2026-01-01T00:00:27.0000000Z,solar-collector.outlet.dryAirMassFlow,0.02,kg/s
2026-01-01T00:00:28.0000000Z,solar-collector.outlet.dryAirMassFlow,0.02,kg/s
2026-01-01T00:00:29.0000000Z,solar-collector.outlet.dryAirMassFlow,0.02,kg/s
2026-01-01T00:00:00.0000000Z,solar-collector.outlet.humidityRatio,0.0098788738781568838,kg/kg
2026-01-01T00:00:01.0000000Z,solar-collector.outlet.humidityRatio,0.0098788738781568838,kg/kg
2026-01-01T00:00:02.0000000Z,solar-collector.outlet.humidityRatio,0.0098788738781568838,kg/kg
2026-01-01T00:00:03.0000000Z,solar-collector.outlet.humidityRatio,0.0098788738781568838,kg/kg
2026-01-01T00:00:04.0000000Z,solar-collector.outlet.humidityRatio,0.0098788738781568838,kg/kg
2026-01-01T00:00:05.0000000Z,solar-collector.outlet.humidityRatio,0.0098788738781568838,kg/kg
2026-01-01T00:00:06.0000000Z,solar-collector.outlet.humidityRatio,0.0098788738781568838,kg/kg
2026-01-01T00:00:07.0000000Z,solar-collector.outlet.humidityRatio,0.0098788738781568838,kg/kg
2026-01-01T00:00:08.0000000Z,solar-collector.outlet.humidityRatio,0.0098788738781568838,kg/kg
2026-01-01T00:00:09.0000000Z,solar-collector.outlet.humidityRatio,0.0098788738781568838,kg/kg
2026-01-01T00:00:10.0000000Z,solar-collector.outlet.humidityRatio,0.0098788738781568838,kg/kg
2026-01-01T00:00:11.0000000Z,solar-collector.outlet.humidityRatio,0.0098788738781568838,kg/kg
2026-01-01T00:00:12.0000000Z,solar-collector.outlet.humidityRatio,0.0098788738781568838,kg/kg
2026-01-01T00:00:13.0000000Z,solar-collector.outlet.humidityRatio,0.0098788738781568838,kg/kg
2026-01-01T00:00:14.0000000Z,solar-collector.outlet.humidityRatio,0.0098788738781568838,kg/kg
2026-01-01T00:00:15.0000000Z,solar-collector.outlet.humidityRatio,0.0098788738781568838,kg/kg
2026-01-01T00:00:16.0000000Z,solar-collector.outlet.humidityRatio,0.0098788738781568838,kg/kg
2026-01-01T00:00:17.0000000Z,solar-collector.outlet.humidityRatio,0.0098788738781568838,kg/kg
2026-01-01T00:00:18.0000000Z,solar-collector.outlet.humidityRatio,0.0098788738781568838,kg/kg
2026-01-01T00:00:19.0000000Z,solar-collector.outlet.humidityRatio,0.0098788738781568838,kg/kg
2026-01-01T00:00:20.0000000Z,solar-collector.outlet.humidityRatio,0.0098788738781568838,kg/kg
2026-01-01T00:00:21.0000000Z,solar-collector.outlet.humidityRatio,0.0098788738781568838,kg/kg
2026-01-01T00:00:22.0000000Z,solar-collector.outlet.humidityRatio,0.0098788738781568838,kg/kg
2026-01-01T00:00:23.0000000Z,solar-collector.outlet.humidityRatio,0.0098788738781568838,kg/kg
2026-01-01T00:00:24.0000000Z,solar-collector.outlet.humidityRatio,0.0098788738781568838,kg/kg
2026-01-01T00:00:25.0000000Z,solar-collector.outlet.humidityRatio,0.0098788738781568838,kg/kg
2026-01-01T00:00:26.0000000Z,solar-collector.outlet.humidityRatio,0.0098788738781568838,kg/kg
2026-01-01T00:00:27.0000000Z,solar-collector.outlet.humidityRatio,0.0098788738781568838,kg/kg
2026-01-01T00:00:28.0000000Z,solar-collector.outlet.humidityRatio,0.0098788738781568838,kg/kg
2026-01-01T00:00:29.0000000Z,solar-collector.outlet.humidityRatio,0.0098788738781568838,kg/kg
2026-01-01T00:00:00.0000000Z,solar-collector.outlet.relativeHumidity,0.50049346163335795,1
2026-01-01T00:00:01.0000000Z,solar-collector.outlet.relativeHumidity,0.49666983282954102,1
2026-01-01T00:00:02.0000000Z,solar-collector.outlet.relativeHumidity,0.49289117623926193,1
2026-01-01T00:00:03.0000000Z,solar-collector.outlet.relativeHumidity,0.48915683073895871,1
2026-01-01T00:00:04.0000000Z,solar-collector.outlet.relativeHumidity,0.48546614671635724,1
2026-01-01T00:00:05.0000000Z,solar-collector.outlet.relativeHumidity,0.48181848584084008,1
2026-01-01T00:00:06.0000000Z,solar-collector.outlet.relativeHumidity,0.47821322083893875,1
2026-01-01T00:00:07.0000000Z,solar-collector.outlet.relativeHumidity,0.47464973527484117,1
2026-01-01T00:00:08.0000000Z,solar-collector.outlet.relativeHumidity,0.4711274233357825,1
2026-01-01T00:00:09.0000000Z,solar-collector.outlet.relativeHumidity,0.46764568962220127,1
2026-01-01T00:00:10.0000000Z,solar-collector.outlet.relativeHumidity,0.46420394894255407,1
2026-01-01T00:00:11.0000000Z,solar-collector.outlet.relativeHumidity,0.46080162611264336,1
2026-01-01T00:00:12.0000000Z,solar-collector.outlet.relativeHumidity,0.45743815575939534,1
2026-01-01T00:00:13.0000000Z,solar-collector.outlet.relativeHumidity,0.45411298212892998,1
2026-01-01T00:00:14.0000000Z,solar-collector.outlet.relativeHumidity,0.45082555889886711,1
2026-01-01T00:00:15.0000000Z,solar-collector.outlet.relativeHumidity,0.4475753489947214,1
2026-01-01T00:00:16.0000000Z,solar-collector.outlet.relativeHumidity,0.4443618244103178,1
2026-01-01T00:00:17.0000000Z,solar-collector.outlet.relativeHumidity,0.44118446603211875,1
2026-01-01T00:00:18.0000000Z,solar-collector.outlet.relativeHumidity,0.43804276346737125,1
2026-01-01T00:00:19.0000000Z,solar-collector.outlet.relativeHumidity,0.43493621487597994,1
2026-01-01T00:00:20.0000000Z,solar-collector.outlet.relativeHumidity,0.43186432680602016,1
2026-01-01T00:00:21.0000000Z,solar-collector.outlet.relativeHumidity,0.42882661403279715,1
2026-01-01T00:00:22.0000000Z,solar-collector.outlet.relativeHumidity,0.42582259940138273,1
2026-01-01T00:00:23.0000000Z,solar-collector.outlet.relativeHumidity,0.42285181367251956,1
2026-01-01T00:00:24.0000000Z,solar-collector.outlet.relativeHumidity,0.41991379537184731,1
2026-01-01T00:00:25.0000000Z,solar-collector.outlet.relativeHumidity,0.41700809064233885,1
2026-01-01T00:00:26.0000000Z,solar-collector.outlet.relativeHumidity,0.4141342530998956,1
2026-01-01T00:00:27.0000000Z,solar-collector.outlet.relativeHumidity,0.41129184369200911,1
2026-01-01T00:00:28.0000000Z,solar-collector.outlet.relativeHumidity,0.40848043055943628,1
2026-01-01T00:00:29.0000000Z,solar-collector.outlet.relativeHumidity,0.40569958890079089,1
2026-01-01T00:00:00.0000000Z,solar-collector.outlet.specificEnthalpy,50316.431204604662,J/kg
2026-01-01T00:00:01.0000000Z,solar-collector.outlet.specificEnthalpy,50448.278751052465,J/kg
2026-01-01T00:00:02.0000000Z,solar-collector.outlet.specificEnthalpy,50579.704720362075,J/kg
2026-01-01T00:00:03.0000000Z,solar-collector.outlet.specificEnthalpy,50710.71046050913,J/kg
2026-01-01T00:00:04.0000000Z,solar-collector.outlet.specificEnthalpy,50841.297315159274,J/kg
2026-01-01T00:00:05.0000000Z,solar-collector.outlet.specificEnthalpy,50971.466623681707,J/kg
2026-01-01T00:00:06.0000000Z,solar-collector.outlet.specificEnthalpy,51101.219721163085,J/kg
2026-01-01T00:00:07.0000000Z,solar-collector.outlet.specificEnthalpy,51230.557938421174,J/kg
2026-01-01T00:00:08.0000000Z,solar-collector.outlet.specificEnthalpy,51359.482602018543,J/kg
2026-01-01T00:00:09.0000000Z,solar-collector.outlet.specificEnthalpy,51487.995034276173,J/kg
2026-01-01T00:00:10.0000000Z,solar-collector.outlet.specificEnthalpy,51616.096553286799,J/kg
2026-01-01T00:00:11.0000000Z,solar-collector.outlet.specificEnthalpy,51743.788472928834,J/kg
2026-01-01T00:00:12.0000000Z,solar-collector.outlet.specificEnthalpy,51871.072102879378,J/kg
2026-01-01T00:00:13.0000000Z,solar-collector.outlet.specificEnthalpy,51997.948748628187,J/kg
2026-01-01T00:00:14.0000000Z,solar-collector.outlet.specificEnthalpy,52124.419711490511,J/kg
2026-01-01T00:00:15.0000000Z,solar-collector.outlet.specificEnthalpy,52250.48628862077,J/kg
2026-01-01T00:00:16.0000000Z,solar-collector.outlet.specificEnthalpy,52376.149773025842,J/kg
2026-01-01T00:00:17.0000000Z,solar-collector.outlet.specificEnthalpy,52501.411453578236,J/kg
2026-01-01T00:00:18.0000000Z,solar-collector.outlet.specificEnthalpy,52626.272615029338,J/kg
2026-01-01T00:00:19.0000000Z,solar-collector.outlet.specificEnthalpy,52750.734538022618,J/kg
2026-01-01T00:00:20.0000000Z,solar-collector.outlet.specificEnthalpy,52874.798499106648,J/kg
2026-01-01T00:00:21.0000000Z,solar-collector.outlet.specificEnthalpy,52998.465770748437,J/kg
2026-01-01T00:00:22.0000000Z,solar-collector.outlet.specificEnthalpy,53121.737621346168,J/kg
2026-01-01T00:00:23.0000000Z,solar-collector.outlet.specificEnthalpy,53244.615315242569,J/kg
2026-01-01T00:00:24.0000000Z,solar-collector.outlet.specificEnthalpy,53367.100112737491,J/kg
2026-01-01T00:00:25.0000000Z,solar-collector.outlet.specificEnthalpy,53489.193270101139,J/kg
2026-01-01T00:00:26.0000000Z,solar-collector.outlet.specificEnthalpy,53610.896039586791,J/kg
2026-01-01T00:00:27.0000000Z,solar-collector.outlet.specificEnthalpy,53732.209669443779,J/kg
2026-01-01T00:00:28.0000000Z,solar-collector.outlet.specificEnthalpy,53853.135403930071,J/kg
2026-01-01T00:00:29.0000000Z,solar-collector.outlet.specificEnthalpy,53973.674483325391,J/kg
2026-01-01T00:00:00.0000000Z,solar-collector.outlet.temperature,298.14999999999998,K
2026-01-01T00:00:01.0000000Z,solar-collector.outlet.temperature,298.27871027149638,K
2026-01-01T00:00:02.0000000Z,solar-collector.outlet.temperature,298.40700899716296,K
2026-01-01T00:00:03.0000000Z,solar-collector.outlet.temperature,298.53489749290065,K
2026-01-01T00:00:04.0000000Z,solar-collector.outlet.temperature,298.66237707040295,K
2026-01-01T00:00:05.0000000Z,solar-collector.outlet.temperature,298.78944903716916,K
2026-01-01T00:00:06.0000000Z,solar-collector.outlet.temperature,298.91611469651792,K
2026-01-01T00:00:07.0000000Z,solar-collector.outlet.temperature,299.04237534760057,K
2026-01-01T00:00:08.0000000Z,solar-collector.outlet.temperature,299.16823228541449,K
2026-01-01T00:00:09.0000000Z,solar-collector.outlet.temperature,299.29368680081643,K
2026-01-01T00:00:10.0000000Z,solar-collector.outlet.temperature,299.41874018053545,K
2026-01-01T00:00:11.0000000Z,solar-collector.outlet.temperature,299.54339370718662,K
2026-01-01T00:00:12.0000000Z,solar-collector.outlet.temperature,299.66764865928366,K
2026-01-01T00:00:13.0000000Z,solar-collector.outlet.temperature,299.79150631125253,K
2026-01-01T00:00:14.0000000Z,solar-collector.outlet.temperature,299.91496793344407,K
2026-01-01T00:00:15.0000000Z,solar-collector.outlet.temperature,300.0380347921473,K
2026-01-01T00:00:16.0000000Z,solar-collector.outlet.temperature,300.16070814960233,K
2026-01-01T00:00:17.0000000Z,solar-collector.outlet.temperature,300.28298926401334,K
2026-01-01T00:00:18.0000000Z,solar-collector.outlet.temperature,300.40487938956142,K
2026-01-01T00:00:19.0000000Z,solar-collector.outlet.temperature,300.52637977641746,K
2026-01-01T00:00:20.0000000Z,solar-collector.outlet.temperature,300.64749167075496,K
2026-01-01T00:00:21.0000000Z,solar-collector.outlet.temperature,300.76821631476292,K
2026-01-01T00:00:22.0000000Z,solar-collector.outlet.temperature,300.88855494665836,K
2026-01-01T00:00:23.0000000Z,solar-collector.outlet.temperature,301.0085088006993,K
2026-01-01T00:00:24.0000000Z,solar-collector.outlet.temperature,301.12807910719715,K
2026-01-01T00:00:25.0000000Z,solar-collector.outlet.temperature,301.24726709252951,K
2026-01-01T00:00:26.0000000Z,solar-collector.outlet.temperature,301.36607397915265,K
2026-01-01T00:00:27.0000000Z,solar-collector.outlet.temperature,301.48450098561415,K
2026-01-01T00:00:28.0000000Z,solar-collector.outlet.temperature,301.60254932656522,K
2026-01-01T00:00:29.0000000Z,solar-collector.outlet.temperature,301.72022021277348,K
2026-01-01T00:00:00.0000000Z,solar-radiation.outlet.irradiance,800,W/m^2
2026-01-01T00:00:01.0000000Z,solar-radiation.outlet.irradiance,800,W/m^2
2026-01-01T00:00:02.0000000Z,solar-radiation.outlet.irradiance,800,W/m^2
2026-01-01T00:00:03.0000000Z,solar-radiation.outlet.irradiance,800,W/m^2
2026-01-01T00:00:04.0000000Z,solar-radiation.outlet.irradiance,800,W/m^2
2026-01-01T00:00:05.0000000Z,solar-radiation.outlet.irradiance,800,W/m^2
2026-01-01T00:00:06.0000000Z,solar-radiation.outlet.irradiance,800,W/m^2
2026-01-01T00:00:07.0000000Z,solar-radiation.outlet.irradiance,800,W/m^2
2026-01-01T00:00:08.0000000Z,solar-radiation.outlet.irradiance,800,W/m^2
2026-01-01T00:00:09.0000000Z,solar-radiation.outlet.irradiance,800,W/m^2
2026-01-01T00:00:10.0000000Z,solar-radiation.outlet.irradiance,800,W/m^2
2026-01-01T00:00:11.0000000Z,solar-radiation.outlet.irradiance,800,W/m^2
2026-01-01T00:00:12.0000000Z,solar-radiation.outlet.irradiance,800,W/m^2
2026-01-01T00:00:13.0000000Z,solar-radiation.outlet.irradiance,800,W/m^2
2026-01-01T00:00:14.0000000Z,solar-radiation.outlet.irradiance,800,W/m^2
2026-01-01T00:00:15.0000000Z,solar-radiation.outlet.irradiance,800,W/m^2
2026-01-01T00:00:16.0000000Z,solar-radiation.outlet.irradiance,800,W/m^2
2026-01-01T00:00:17.0000000Z,solar-radiation.outlet.irradiance,800,W/m^2
2026-01-01T00:00:18.0000000Z,solar-radiation.outlet.irradiance,800,W/m^2
2026-01-01T00:00:19.0000000Z,solar-radiation.outlet.irradiance,800,W/m^2
2026-01-01T00:00:20.0000000Z,solar-radiation.outlet.irradiance,800,W/m^2
2026-01-01T00:00:21.0000000Z,solar-radiation.outlet.irradiance,800,W/m^2
2026-01-01T00:00:22.0000000Z,solar-radiation.outlet.irradiance,800,W/m^2
2026-01-01T00:00:23.0000000Z,solar-radiation.outlet.irradiance,800,W/m^2
2026-01-01T00:00:24.0000000Z,solar-radiation.outlet.irradiance,800,W/m^2
2026-01-01T00:00:25.0000000Z,solar-radiation.outlet.irradiance,800,W/m^2
2026-01-01T00:00:26.0000000Z,solar-radiation.outlet.irradiance,800,W/m^2
2026-01-01T00:00:27.0000000Z,solar-radiation.outlet.irradiance,800,W/m^2
2026-01-01T00:00:28.0000000Z,solar-radiation.outlet.irradiance,800,W/m^2
2026-01-01T00:00:29.0000000Z,solar-radiation.outlet.irradiance,800,W/m^2
2026-01-01T00:00:00.0000000Z,water-tank.overflow.massFlow,0,kg/s
2026-01-01T00:00:01.0000000Z,water-tank.overflow.massFlow,0,kg/s
2026-01-01T00:00:02.0000000Z,water-tank.overflow.massFlow,0,kg/s
2026-01-01T00:00:03.0000000Z,water-tank.overflow.massFlow,0,kg/s
2026-01-01T00:00:04.0000000Z,water-tank.overflow.massFlow,0,kg/s
2026-01-01T00:00:05.0000000Z,water-tank.overflow.massFlow,0,kg/s
2026-01-01T00:00:06.0000000Z,water-tank.overflow.massFlow,0,kg/s
2026-01-01T00:00:07.0000000Z,water-tank.overflow.massFlow,0,kg/s
2026-01-01T00:00:08.0000000Z,water-tank.overflow.massFlow,0,kg/s
2026-01-01T00:00:09.0000000Z,water-tank.overflow.massFlow,0,kg/s
2026-01-01T00:00:10.0000000Z,water-tank.overflow.massFlow,0,kg/s
2026-01-01T00:00:11.0000000Z,water-tank.overflow.massFlow,0,kg/s
2026-01-01T00:00:12.0000000Z,water-tank.overflow.massFlow,0,kg/s
2026-01-01T00:00:13.0000000Z,water-tank.overflow.massFlow,0,kg/s
2026-01-01T00:00:14.0000000Z,water-tank.overflow.massFlow,0,kg/s
2026-01-01T00:00:15.0000000Z,water-tank.overflow.massFlow,0,kg/s
2026-01-01T00:00:16.0000000Z,water-tank.overflow.massFlow,0,kg/s
2026-01-01T00:00:17.0000000Z,water-tank.overflow.massFlow,0,kg/s
2026-01-01T00:00:18.0000000Z,water-tank.overflow.massFlow,0,kg/s
2026-01-01T00:00:19.0000000Z,water-tank.overflow.massFlow,0,kg/s
2026-01-01T00:00:20.0000000Z,water-tank.overflow.massFlow,0,kg/s
2026-01-01T00:00:21.0000000Z,water-tank.overflow.massFlow,0,kg/s
2026-01-01T00:00:22.0000000Z,water-tank.overflow.massFlow,0,kg/s
2026-01-01T00:00:23.0000000Z,water-tank.overflow.massFlow,0,kg/s
2026-01-01T00:00:24.0000000Z,water-tank.overflow.massFlow,0,kg/s
2026-01-01T00:00:25.0000000Z,water-tank.overflow.massFlow,0,kg/s
2026-01-01T00:00:26.0000000Z,water-tank.overflow.massFlow,0,kg/s
2026-01-01T00:00:27.0000000Z,water-tank.overflow.massFlow,0,kg/s
2026-01-01T00:00:28.0000000Z,water-tank.overflow.massFlow,0,kg/s
2026-01-01T00:00:29.0000000Z,water-tank.overflow.massFlow,0,kg/s
2026-01-01T00:00:00.0000000Z,water-tank.overflow.temperature,278.14999999999998,K
2026-01-01T00:00:01.0000000Z,water-tank.overflow.temperature,278.14999999999998,K
2026-01-01T00:00:02.0000000Z,water-tank.overflow.temperature,278.14999999999998,K
2026-01-01T00:00:03.0000000Z,water-tank.overflow.temperature,278.14999999999998,K
2026-01-01T00:00:04.0000000Z,water-tank.overflow.temperature,278.14999999999998,K
2026-01-01T00:00:05.0000000Z,water-tank.overflow.temperature,278.14999999999998,K
2026-01-01T00:00:06.0000000Z,water-tank.overflow.temperature,278.14999999999998,K
2026-01-01T00:00:07.0000000Z,water-tank.overflow.temperature,278.14999999999998,K
2026-01-01T00:00:08.0000000Z,water-tank.overflow.temperature,278.14999999999998,K
2026-01-01T00:00:09.0000000Z,water-tank.overflow.temperature,278.14999999999998,K
2026-01-01T00:00:10.0000000Z,water-tank.overflow.temperature,278.14999999999998,K
2026-01-01T00:00:11.0000000Z,water-tank.overflow.temperature,278.14999999999998,K
2026-01-01T00:00:12.0000000Z,water-tank.overflow.temperature,278.14999999999998,K
2026-01-01T00:00:13.0000000Z,water-tank.overflow.temperature,278.14999999999998,K
2026-01-01T00:00:14.0000000Z,water-tank.overflow.temperature,278.14999999999998,K
2026-01-01T00:00:15.0000000Z,water-tank.overflow.temperature,278.14999999999998,K
2026-01-01T00:00:16.0000000Z,water-tank.overflow.temperature,278.14999999999998,K
2026-01-01T00:00:17.0000000Z,water-tank.overflow.temperature,278.14999999999998,K
2026-01-01T00:00:18.0000000Z,water-tank.overflow.temperature,278.14999999999998,K
2026-01-01T00:00:19.0000000Z,water-tank.overflow.temperature,278.14999999999998,K
2026-01-01T00:00:20.0000000Z,water-tank.overflow.temperature,278.14999999999998,K
2026-01-01T00:00:21.0000000Z,water-tank.overflow.temperature,278.14999999999998,K
2026-01-01T00:00:22.0000000Z,water-tank.overflow.temperature,278.14999999999998,K
2026-01-01T00:00:23.0000000Z,water-tank.overflow.temperature,278.14999999999998,K
2026-01-01T00:00:24.0000000Z,water-tank.overflow.temperature,278.14999999999998,K
2026-01-01T00:00:25.0000000Z,water-tank.overflow.temperature,278.14999999999998,K
2026-01-01T00:00:26.0000000Z,water-tank.overflow.temperature,278.14999999999998,K
2026-01-01T00:00:27.0000000Z,water-tank.overflow.temperature,278.14999999999998,K
2026-01-01T00:00:28.0000000Z,water-tank.overflow.temperature,278.14999999999998,K
2026-01-01T00:00:29.0000000Z,water-tank.overflow.temperature,278.14999999999998,K
